{
    "name": "root",
    "gauges": {
        "EliteEnemy.Policy.Entropy.mean": {
            "value": 1.3349004983901978,
            "min": 1.3349004983901978,
            "max": 1.4151711463928223,
            "count": 10
        },
        "EliteEnemy.Policy.Entropy.sum": {
            "value": 66798.421875,
            "min": 66751.875,
            "max": 71324.625,
            "count": 10
        },
        "EliteEnemy.Environment.EpisodeLength.mean": {
            "value": 4348.222222222223,
            "min": 104.6281512605042,
            "max": 4348.222222222223,
            "count": 10
        },
        "EliteEnemy.Environment.EpisodeLength.sum": {
            "value": 39134.0,
            "min": 23229.0,
            "max": 62679.0,
            "count": 10
        },
        "EliteEnemy.Step.mean": {
            "value": 499966.0,
            "min": 49975.0,
            "max": 499966.0,
            "count": 10
        },
        "EliteEnemy.Step.sum": {
            "value": 499966.0,
            "min": 49975.0,
            "max": 499966.0,
            "count": 10
        },
        "EliteEnemy.Policy.ExtrinsicValueEstimate.mean": {
            "value": 1700.0682373046875,
            "min": -319.01470947265625,
            "max": 1700.0682373046875,
            "count": 10
        },
        "EliteEnemy.Policy.ExtrinsicValueEstimate.sum": {
            "value": 1337953.75,
            "min": -274033.625,
            "max": 1337953.75,
            "count": 10
        },
        "EliteEnemy.Environment.CumulativeReward.mean": {
            "value": 80086.66666666667,
            "min": -11264.774193548386,
            "max": 80086.66666666667,
            "count": 10
        },
        "EliteEnemy.Environment.CumulativeReward.sum": {
            "value": 720780.0,
            "min": -349208.0,
            "max": 720780.0,
            "count": 10
        },
        "EliteEnemy.Policy.ExtrinsicReward.mean": {
            "value": 80086.66666666667,
            "min": -11264.774193548386,
            "max": 80086.66666666667,
            "count": 10
        },
        "EliteEnemy.Policy.ExtrinsicReward.sum": {
            "value": 720780.0,
            "min": -349208.0,
            "max": 720780.0,
            "count": 10
        },
        "EliteEnemy.Losses.PolicyLoss.mean": {
            "value": 0.022700380985431062,
            "min": 0.0207932797458246,
            "max": 0.025786833710832673,
            "count": 10
        },
        "EliteEnemy.Losses.PolicyLoss.sum": {
            "value": 0.11350190492715531,
            "min": 0.0831731189832984,
            "max": 0.12893416855416337,
            "count": 10
        },
        "EliteEnemy.Losses.ValueLoss.mean": {
            "value": 4680.2935400390625,
            "min": 4680.2935400390625,
            "max": 22679.46573893229,
            "count": 10
        },
        "EliteEnemy.Losses.ValueLoss.sum": {
            "value": 23401.467700195313,
            "min": 23401.467700195313,
            "max": 94849.95013020832,
            "count": 10
        },
        "EliteEnemy.Policy.LearningRate.mean": {
            "value": 1.5860494713200005e-05,
            "min": 1.5860494713200005e-05,
            "max": 0.0002841303052899,
            "count": 10
        },
        "EliteEnemy.Policy.LearningRate.sum": {
            "value": 7.930247356600002e-05,
            "min": 7.930247356600002e-05,
            "max": 0.0012813072728976,
            "count": 10
        },
        "EliteEnemy.Policy.Epsilon.mean": {
            "value": 0.10528680000000001,
            "min": 0.10528680000000001,
            "max": 0.19471010000000005,
            "count": 10
        },
        "EliteEnemy.Policy.Epsilon.sum": {
            "value": 0.5264340000000001,
            "min": 0.5264340000000001,
            "max": 0.9271024,
            "count": 10
        },
        "EliteEnemy.Policy.Beta.mean": {
            "value": 0.00027381132,
            "min": 0.00027381132,
            "max": 0.004736033989999999,
            "count": 10
        },
        "EliteEnemy.Policy.Beta.sum": {
            "value": 0.0013690566000000002,
            "min": 0.0013690566000000002,
            "max": 0.02136240976,
            "count": 10
        },
        "EliteEnemy.IsTraining.mean": {
            "value": 1.0,
            "min": 1.0,
            "max": 1.0,
            "count": 10
        },
        "EliteEnemy.IsTraining.sum": {
            "value": 1.0,
            "min": 1.0,
            "max": 1.0,
            "count": 10
        }
    },
    "metadata": {
        "timer_format_version": "0.1.0",
        "start_time_seconds": "1708866669",
        "python_version": "3.9.13 (tags/v3.9.13:6de2ca5, May 17 2022, 16:36:42) [MSC v.1929 64 bit (AMD64)]",
        "command_line_arguments": "D:\\Unity_Project\\Game\\venv\\Scripts\\mlagents-learn --initialize-from=4.0_TestElite --run-id=4.0_TestElite2",
        "mlagents_version": "0.30.0",
        "mlagents_envs_version": "0.30.0",
        "communication_protocol_version": "1.5.0",
        "pytorch_version": "1.13.1+cu117",
        "numpy_version": "1.21.2",
        "end_time_seconds": "1708868742"
    },
    "total": 2073.4168246,
    "count": 1,
    "self": 0.01455439999972441,
    "children": {
        "run_training.setup": {
            "total": 0.0317662000000003,
            "count": 1,
            "self": 0.0317662000000003
        },
        "TrainerController.start_learning": {
            "total": 2073.370504,
            "count": 1,
            "self": 1.2374020000047494,
            "children": {
                "TrainerController._reset_env": {
                    "total": 28.9992907,
                    "count": 1,
                    "self": 28.9992907
                },
                "TrainerController.advance": {
                    "total": 2043.0459513999951,
                    "count": 43254,
                    "self": 1.0352085999613792,
                    "children": {
                        "env_step": {
                            "total": 1838.0671064000235,
                            "count": 43254,
                            "self": 1719.282099800043,
                            "children": {
                                "SubprocessEnvManager._take_step": {
                                    "total": 118.04868880000205,
                                    "count": 43254,
                                    "self": 4.335589899981258,
                                    "children": {
                                        "TorchPolicy.evaluate": {
                                            "total": 113.7130989000208,
                                            "count": 41692,
                                            "self": 113.7130989000208
                                        }
                                    }
                                },
                                "workers": {
                                    "total": 0.7363177999784227,
                                    "count": 43254,
                                    "self": 0.0,
                                    "children": {
                                        "worker_root": {
                                            "total": 2045.6090041999869,
                                            "count": 43254,
                                            "is_parallel": true,
                                            "self": 402.0228986000009,
                                            "children": {
                                                "steps_from_proto": {
                                                    "total": 0.0015503999999992857,
                                                    "count": 1,
                                                    "is_parallel": true,
                                                    "self": 0.00021499999999718966,