{
    "name": "root",
    "gauges": {
        "EnemyBrain.Policy.Entropy.mean": {
            "value": 1.4511381387710571,
            "min": 1.416269302368164,
            "max": 1.4512174129486084,
            "count": 50
        },
        "EnemyBrain.Policy.Entropy.sum": {
            "value": 14453.3359375,
            "min": 14126.8056640625,
            "max": 15031.240234375,
            "count": 50
        },
        "EnemyBrain.Environment.EpisodeLength.mean": {
            "value": 1104.0,
            "min": 61.111111111111114,
            "max": 1499.0,
            "count": 49
        },
        "EnemyBrain.Environment.EpisodeLength.sum": {
            "value": 12144.0,
            "min": 384.0,
            "max": 12430.0,
            "count": 49
        },
        "EnemyBrain.Self-play.ELO.mean": {
            "value": 1118.2109928912685,
            "min": 1118.2109928912685,
            "max": 1195.7787999402326,
            "count": 46
        },
        "EnemyBrain.Self-play.ELO.sum": {
            "value": 3354.632978673805,
            "min": 1120.2062392432167,
            "max": 15431.742403460046,
            "count": 46
        },
        "EnemyBrain.Step.mean": {
            "value": 499975.0,
            "min": 9980.0,
            "max": 499975.0,
            "count": 50
        },
        "EnemyBrain.Step.sum": {
            "value": 499975.0,
            "min": 9980.0,
            "max": 499975.0,
            "count": 50
        },
        "EnemyBrain.Policy.ExtrinsicValueEstimate.mean": {
            "value": -26.904207229614258,
            "min": -27.028989791870117,
            "max": -0.06763320416212082,
            "count": 50
        },
        "EnemyBrain.Policy.ExtrinsicValueEstimate.sum": {
            "value": -4358.4814453125,
            "min": -4398.76611328125,
            "max": -11.024211883544922,
            "count": 50
        },
        "EnemyBrain.Policy.CuriosityValueEstimate.mean": {
            "value": 0.14838486909866333,
            "min": -0.29826557636260986,
            "max": 1.5675106048583984,
            "count": 50
        },
        "EnemyBrain.Policy.CuriosityValueEstimate.sum": {
            "value": 24.038349151611328,
            "min": -48.617286682128906,
            "max": 252.36920166015625,
            "count": 50
        },
        "EnemyBrain.Environment.CumulativeReward.mean": {
            "value": -11656.272727272728,
            "min": -102999.56666666667,
            "max": 13595.5,
            "count": 49
        },
        "EnemyBrain.Environment.CumulativeReward.sum": {
            "value": -128219.0,
            "min": -1544993.5,
            "max": 67977.5,
            "count": 49
        },
        "EnemyBrain.Policy.ExtrinsicReward.mean": {
            "value": -11656.272727272728,
            "min": -102999.56666666667,
            "max": 13595.5,
            "count": 49
        },
        "EnemyBrain.Policy.ExtrinsicReward.sum": {
            "value": -128219.0,
            "min": -1544993.5,
            "max": 67977.5,
            "count": 49
        },
        "EnemyBrain.Policy.CuriosityReward.mean": {
            "value": 1.6517739116468213,
            "min": 0.0,
            "max": 55.92792610414326,
            "count": 49
        },
        "EnemyBrain.Policy.CuriosityReward.sum": {
            "value": 18.169513028115034,
            "min": 0.0,
            "max": 559.2792610414326,
            "count": 49
        },
        "EnemyBrain.IsTraining.mean": {
            "value": 1.0,
            "min": 1.0,
            "max": 1.0,
            "count": 50
        },
        "EnemyBrain.IsTraining.sum": {
            "value": 1.0,
            "min": 1.0,
            "max": 1.0,
            "count": 50
        },
        "EnemyBrain.Losses.PolicyLoss.mean": {
            "value": 0.1821535191188256,
            "min": 0.13084033462606992,
            "max": 0.23389057164701324,
            "count": 49
        },
        "EnemyBrain.Losses.PolicyLoss.sum": {
            "value": 0.1821535191188256,
            "min": 0.13084033462606992,
            "max": 0.41493938196605695,
            "count": 49
        },
        "EnemyBrain.Losses.ValueLoss.mean": {
            "value": 239214.04435221353,
            "min": 25878.183984375,
            "max": 2072375.8385416665,
            "count": 49
        },
        "EnemyBrain.Losses.ValueLoss.sum": {
            "value": 239214.04435221353,
            "min": 25878.183984375,
            "max": 4144751.677083333,
            "count": 49
        },
        "EnemyBrain.Policy.LearningRate.mean": {
            "value": 3.9909986700001595e-07,
            "min": 3.9909986700001595e-07,
            "max": 0.0002909787030071,
            "count": 49
        },
        "EnemyBrain.Policy.LearningRate.sum": {
            "value": 3.9909986700001595e-07,
            "min": 3.9909986700001595e-07,
            "max": 0.0005819574060142,
            "count": 49
        },
        "EnemyBrain.Policy.Epsilon.mean": {
            "value": 0.10013300000000001,
            "min": 0.10013300000000001,
            "max": 0.19699290000000003,
            "count": 49
        },
        "EnemyBrain.Policy.Epsilon.sum": {
            "value": 0.10013300000000001,
            "min": 0.10013300000000001,
            "max": 0.39398580000000005,
            "count": 49
        },
        "EnemyBrain.Policy.Beta.mean": {
            "value": 0.005000000000000001,
            "min": 0.005000000000000001,
            "max": 0.005000000000000001,
            "count": 49
        },
        "EnemyBrain.Policy.Beta.sum": {
            "value": 0.005000000000000001,
            "min": 0.005000000000000001,
            "max": 0.010000000000000002,
            "count": 49
        },
        "EnemyBrain.Losses.CuriosityForwardLoss.mean": {
            "value": 0.07589763142168522,
            "min": 0.05329416679839293,
            "max": 4.963169177373251,
            "count": 49
        },
        "EnemyBrain.Losses.CuriosityForwardLoss.sum": {
            "value": 0.07589763142168522,
            "min": 0.05329416679839293,
            "max": 9.926338354746502,
            "count": 49
        },
        "EnemyBrain.Losses.CuriosityInverseLoss.mean": {
            "value": 2.439587108294169,
            "min": 2.3352922121683757,
            "max": 3.1212684790293377,
            "count": 49
        },
        "EnemyBrain.Losses.CuriosityInverseLoss.sum": {
            "value": 2.439587108294169,
            "min": 2.3352922121683757,
            "max": 6.030341124534607,
            "count": 49
        }
    },
    "metadata": {
        "timer_format_version": "0.1.0",
        "start_time_seconds": "1697729119",
        "python_version": "3.9.13 (tags/v3.9.13:6de2ca5, May 17 2022, 16:36:42) [MSC v.1929 64 bit (AMD64)]",
        "command_line_arguments": "C:\\Unity Project\\Game\\venv\\Scripts\\mlagents-learn config\\EnemyBrain.yaml --run-id=EnemyTurn",
        "mlagents_version": "0.30.0",
        "mlagents_envs_version": "0.30.0",
        "communication_protocol_version": "1.5.0",
        "pytorch_version": "2.1.0+cu121",
        "numpy_version": "1.21.2",
        "end_time_seconds": "1697731220"
    },
    "total": 2101.4047738,
    "count": 1,
    "self": 0.014814000000114902,
    "children": {
        "run_training.setup": {
            "total": 0.14414689999999997,
            "count": 1,
            "self": 0.14414689999999997
        },
        "TrainerController.start_learning": {
            "total": 2101.2458128999997,
            "count": 1,
            "self": 1.6395040999914272,
            "children": {
                "TrainerController._reset_env": {
                    "total": 12.649983599999707,
                    "count": 5,
                    "self": 12.649983599999707
                },
                "TrainerController.advance": {
                    "total": 2086.7684238000083,
                    "count": 62927,