{
    "name": "root",
    "gauges": {
        "Beta4.0.Policy.Entropy.mean": {
            "value": 1.342938780784607,
            "min": 1.342938780784607,
            "max": 1.3963967561721802,
            "count": 50
        },
        "Beta4.0.Policy.Entropy.sum": {
            "value": 13440.1318359375,
            "min": 13126.017578125,
            "max": 14846.490234375,
            "count": 50
        },
        "Beta4.0.Environment.EpisodeLength.mean": {
            "value": 88.08130081300813,
            "min": 71.63636363636364,
            "max": 169.3050847457627,
            "count": 50
        },
        "Beta4.0.Environment.EpisodeLength.sum": {
            "value": 10834.0,
            "min": 9009.0,
            "max": 11117.0,
            "count": 50
        },
        "Beta4.0.Self-play.ELO.mean": {
            "value": 1185.1623499144412,
            "min": 1184.7130880319023,
            "max": 1197.0944627489653,
            "count": 50
        },
        "Beta4.0.Self-play.ELO.sum": {
            "value": 145774.96903947627,
            "min": 68213.7437820944,
            "max": 156449.5957849364,
            "count": 50
        },
        "Beta4.0.Step.mean": {
            "value": 499963.0,
            "min": 9938.0,
            "max": 499963.0,
            "count": 50
        },
        "Beta4.0.Step.sum": {
            "value": 499963.0,
            "min": 9938.0,
            "max": 499963.0,
            "count": 50
        },
        "Beta4.0.Policy.ExtrinsicValueEstimate.mean": {
            "value": 8.867733001708984,
            "min": 3.340116262435913,
            "max": 8.987305641174316,
            "count": 50
        },
        "Beta4.0.Policy.ExtrinsicValueEstimate.sum": {
            "value": 1285.8212890625,
            "min": 364.0726623535156,
            "max": 1393.0323486328125,
            "count": 50
        },
        "Beta4.0.Policy.CuriosityValueEstimate.mean": {
            "value": 0.45556002855300903,
            "min": 0.43523532152175903,
            "max": 1.5161983966827393,
            "count": 50
        },
        "Beta4.0.Policy.CuriosityValueEstimate.sum": {
            "value": 66.05620574951172,
            "min": 62.71527862548828,
            "max": 172.14825439453125,
            "count": 50
        },
        "Beta4.0.Environment.CumulativeReward.mean": {
            "value": 14.695161293110539,
            "min": 11.012903182737288,
            "max": 14.783193272702833,
            "count": 50
        },
        "Beta4.0.Environment.CumulativeReward.sum": {
            "value": 1822.200000345707,
            "min": 668.0999996066093,
            "max": 1915.7999997138977,
            "count": 50
        },
        "Beta4.0.Policy.ExtrinsicReward.mean": {
            "value": 14.695161293110539,
            "min": 11.012903182737288,
            "max": 14.783193272702833,
            "count": 50
        },
        "Beta4.0.Policy.ExtrinsicReward.sum": {
            "value": 1822.200000345707,
            "min": 668.0999996066093,
            "max": 1915.7999997138977,
            "count": 50
        },
        "Beta4.0.Policy.CuriosityReward.mean": {
            "value": 0.16988404812817012,
            "min": 0.0,
            "max": 1.181714750630291,
            "count": 50
        },
        "Beta4.0.Policy.CuriosityReward.sum": {
            "value": 21.065621967893094,
            "min": 0.0,
            "max": 67.65065891726408,
            "count": 50
        },
        "Beta4.0.IsTraining.mean": {
            "value": 1.0,
            "min": 1.0,
            "max": 1.0,
            "count": 50
        },
        "Beta4.0.IsTraining.sum": {
            "value": 1.0,
            "min": 1.0,
            "max": 1.0,
            "count": 50
        },
        "Beta4.0.Losses.PolicyLoss.mean": {
            "value": 0.08456900749976436,
            "min": 0.08162219201525052,
            "max": 0.14518132558344707,
            "count": 32
        },
        "Beta4.0.Losses.PolicyLoss.sum": {
            "value": 0.08456900749976436,
            "min": 0.08162219201525052,
            "max": 0.14518132558344707,
            "count": 32
        },
        "Beta4.0.Losses.ValueLoss.mean": {
            "value": 1.5725081006685893,
            "min": 1.5153281728426615,
            "max": 2.701421594619751,
            "count": 32
        },
        "Beta4.0.Losses.ValueLoss.sum": {
            "value": 1.5725081006685893,
            "min": 1.5153281728426615,
            "max": 2.701421594619751,
            "count": 32
        },
        "Beta4.0.Policy.LearningRate.mean": {
            "value": 1.7340994220000026e-06,
            "min": 1.7340994220000026e-06,
            "max": 0.0002897832034055999,
            "count": 32
        },
        "Beta4.0.Policy.LearningRate.sum": {
            "value": 1.7340994220000026e-06,
            "min": 1.7340994220000026e-06,
            "max": 0.0002897832034055999,
            "count": 32
        },
        "Beta4.0.Policy.Epsilon.mean": {
            "value": 0.10057800000000001,
            "min": 0.10057800000000001,
            "max": 0.19659440000000009,
            "count": 32
        },
        "Beta4.0.Policy.Epsilon.sum": {
            "value": 0.10057800000000001,
            "min": 0.10057800000000001,
            "max": 0.19659440000000009,
            "count": 32
        },
        "Beta4.0.Policy.Beta.mean": {
            "value": 3.8842200000000026e-05,
            "min": 3.8842200000000026e-05,
            "max": 0.004830060559999998,
            "count": 32
        },
        "Beta4.0.Policy.Beta.sum": {
            "value": 3.8842200000000026e-05,
            "min": 3.8842200000000026e-05,
            "max": 0.004830060559999998,
            "count": 32
        },
        "Beta4.0.Losses.CuriosityForwardLoss.mean": {
            "value": 0.09618823975324631,
            "min": 0.09526590804258982,
            "max": 0.3753983666499456,
            "count": 32
        },
        "Beta4.0.Losses.CuriosityForwardLoss.sum": {
            "value": 0.09618823975324631,
            "min": 0.09526590804258982,
            "max": 0.3753983666499456,
            "count": 32
        },
        "Beta4.0.Losses.CuriosityInverseLoss.mean": {
            "value": 2.131731899579366,
            "min": 2.131731899579366,
            "max": 2.7090524435043335,
            "count": 32
        },
        "Beta4.0.Losses.CuriosityInverseLoss.sum": {
            "value": 2.131731899579366,
            "min": 2.131731899579366,
            "max": 2.7090524435043335,
            "count": 32
        }
    },
    "metadata": {
        "timer_format_version": "0.1.0",
        "start_time_seconds": "1708841341",
        "python_version": "3.9.13 (tags/v3.9.13:6de2ca5, May 17 2022, 16:36:42) [MSC v.1929 64 bit (AMD64)]",
        "command_line_arguments": "D:\\Unity_Project\\Game\\venv\\Scripts\\mlagents-learn config/Beta4.0.yaml --initialize-from=4.0_AvoidObstacle --run-id=4.0_AvoidObstacle2",
        "mlagents_version": "0.30.0",
        "mlagents_envs_version": "0.30.0",
        "communication_protocol_version": "1.5.0",
        "pytorch_version": "1.13.1+cu117",
        "numpy_version": "1.21.2",
        "end_time_seconds": "1708842967"
    },
    "total": 1625.5898305,
    "count": 1,
    "self": 0.014134700000113298,
    "children": {
        "run_training.setup": {
            "total": 0.14313149999999997,
            "count": 1,
            "self": 0.14313149999999997
        },
        "TrainerController.start_learning": {
            "total": 1625.4325643,
            "count": 1,
            "self": 1.3331389000159106,
            "children": {
                "TrainerController._reset_env": {
                    "total": 13.042010099999967,
                    "count": 5,
                    "self": 13.042010099999967
                },
                "TrainerController.advance": {
                    "total": 1610.8971319999841,