{
    "name": "root",
    "gauges": {
        "Beta4.0.Policy.Entropy.mean": {
            "value": 1.3853892087936401,
            "min": 1.3853892087936401,
            "max": 1.4190528392791748,
            "count": 50
        },
        "Beta4.0.Policy.Entropy.sum": {
            "value": 14064.470703125,
            "min": 13359.3623046875,
            "max": 15256.4248046875,
            "count": 50
        },
        "Beta4.0.Environment.EpisodeLength.mean": {
            "value": 71.48905109489051,
            "min": 68.26760563380282,
            "max": 869.7333333333333,
            "count": 50
        },
        "Beta4.0.Environment.EpisodeLength.sum": {
            "value": 9794.0,
            "min": 1472.0,
            "max": 14361.0,
            "count": 50
        },
        "Beta4.0.Self-play.ELO.mean": {
            "value": -259.5041821406473,
            "min": -259.5041821406473,
            "max": 1198.203008536042,
            "count": 50
        },
        "Beta4.0.Self-play.ELO.sum": {
            "value": -35552.07295326868,
            "min": -35552.07295326868,
            "max": 63756.8825767928,
            "count": 50
        },
        "Beta4.0.Step.mean": {
            "value": 499983.0,
            "min": 9925.0,
            "max": 499983.0,
            "count": 50
        },
        "Beta4.0.Step.sum": {
            "value": 499983.0,
            "min": 9925.0,
            "max": 499983.0,
            "count": 50
        },
        "Beta4.0.Policy.ExtrinsicValueEstimate.mean": {
            "value": -1.4578748941421509,
            "min": -7.546652317047119,
            "max": 0.8894940614700317,
            "count": 50
        },
        "Beta4.0.Policy.ExtrinsicValueEstimate.sum": {
            "value": -231.80210876464844,
            "min": -924.69140625,
            "max": 71.1595230102539,
            "count": 50
        },
        "Beta4.0.Policy.CuriosityValueEstimate.mean": {
            "value": 7.407753944396973,
            "min": -0.1962359994649887,
            "max": 14.340041160583496,
            "count": 50
        },
        "Beta4.0.Policy.CuriosityValueEstimate.sum": {
            "value": 1177.8328857421875,
            "min": -16.091352462768555,
            "max": 1745.41259765625,
            "count": 50
        },
        "Beta4.0.Environment.CumulativeReward.mean": {
            "value": -1.3686131386861313,
            "min": -226.5933334986369,
            "max": -1.3636363636363635,
            "count": 50
        },
        "Beta4.0.Environment.CumulativeReward.sum": {
            "value": -187.5,
            "min": -3398.900002479553,
            "max": -187.5,
            "count": 50
        },
        "Beta4.0.Policy.ExtrinsicReward.mean": {
            "value": -1.3686131386861313,
            "min": -226.5933334986369,
            "max": -1.3636363636363635,
            "count": 50
        },
        "Beta4.0.Policy.ExtrinsicReward.sum": {
            "value": -187.5,
            "min": -3398.900002479553,
            "max": -187.5,
            "count": 50
        },
        "Beta4.0.Policy.CuriosityReward.mean": {
            "value": 1.3504082930960903,
            "min": 0.0,
            "max": 844.8931046213422,
            "count": 50
        },
        "Beta4.0.Policy.CuriosityReward.sum": {
            "value": 185.00593615416437,
            "min": 0.0,
            "max": 11828.503464698792,
            "count": 50
        },
        "Beta4.0.IsTraining.mean": {
            "value": 1.0,
            "min": 1.0,
            "max": 1.0,
            "count": 50
        },
        "Beta4.0.IsTraining.sum": {
            "value": 1.0,
            "min": 1.0,
            "max": 1.0,
            "count": 50
        },
        "Beta4.0.Losses.PolicyLoss.mean": {
            "value": 0.3187946720669667,
            "min": 0.0822559759253636,
            "max": 0.3187946720669667,
            "count": 29
        },
        "Beta4.0.Losses.PolicyLoss.sum": {
            "value": 0.3187946720669667,
            "min": 0.0822559759253636,
            "max": 0.3187946720669667,
            "count": 29
        },
        "Beta4.0.Losses.ValueLoss.mean": {
            "value": 0.36909587184588116,
            "min": 0.33649284243583677,
            "max": 82.56132100423177,
            "count": 29
        },
        "Beta4.0.Losses.ValueLoss.sum": {
            "value": 0.36909587184588116,
            "min": 0.33649284243583677,
            "max": 82.56132100423177,
            "count": 29
        },
        "Beta4.0.Policy.LearningRate.mean": {
            "value": 7.125697624799997e-06,
            "min": 7.125697624799997e-06,
            "max": 0.00028797480400839993,
            "count": 29
        },
        "Beta4.0.Policy.LearningRate.sum": {
            "value": 7.125697624799997e-06,
            "min": 7.125697624799997e-06,
            "max": 0.00028797480400839993,
            "count": 29
        },
        "Beta4.0.Policy.Epsilon.mean": {
            "value": 0.1023752,
            "min": 0.1023752,
            "max": 0.19599160000000004,
            "count": 29
        },
        "Beta4.0.Policy.Epsilon.sum": {
            "value": 0.1023752,
            "min": 0.1023752,
            "max": 0.19599160000000004,
            "count": 29
        },
        "Beta4.0.Policy.Beta.mean": {
            "value": 0.00012852248000000003,
            "min": 0.00012852248000000003,
            "max": 0.004799980839999999,
            "count": 29
        },
        "Beta4.0.Policy.Beta.sum": {
            "value": 0.00012852248000000003,
            "min": 0.00012852248000000003,
            "max": 0.004799980839999999,
            "count": 29
        },
        "Beta4.0.Losses.CuriosityForwardLoss.mean": {
            "value": 0.965198423465093,
            "min": 0.965198423465093,
            "max": 2268.7107335408527,
            "count": 29
        },
        "Beta4.0.Losses.CuriosityForwardLoss.sum": {
            "value": 0.965198423465093,
            "min": 0.965198423465093,
            "max": 2268.7107335408527,
            "count": 29
        },
        "Beta4.0.Losses.CuriosityInverseLoss.mean": {
            "value": 2.7994783322016397,
            "min": 2.7994783322016397,
            "max": 13.642428676287333,
            "count": 29
        },
        "Beta4.0.Losses.CuriosityInverseLoss.sum": {
            "value": 2.7994783322016397,
            "min": 2.7994783322016397,
            "max": 13.642428676287333,
            "count": 29
        }
    },
    "metadata": {
        "timer_format_version": "0.1.0",
        "start_time_seconds": "1707827417",
        "python_version": "3.9.13 (tags/v3.9.13:6de2ca5, May 17 2022, 16:36:42) [MSC v.1929 64 bit (AMD64)]",
        "command_line_arguments": "D:\\Unity_Project\\Game\\venv\\Scripts\\mlagents-learn config/Beta4.0.yaml --run-id=4.0_avoidObstacle",
        "mlagents_version": "0.30.0",
        "mlagents_envs_version": "0.30.0",
        "communication_protocol_version": "1.5.0",
        "pytorch_version": "1.13.1+cu117",
        "numpy_version": "1.21.2",
        "end_time_seconds": "1707829058"
    },
    "total": 1641.1092876,
    "count": 1,
    "self": 0.024559199999885095,
    "children": {
        "run_training.setup": {
            "total": 0.1438142,
            "count": 1,
            "self": 0.1438142
        },
        "TrainerController.start_learning": {
            "total": 1640.9409142000002,
            "count": 1,
            "self": 1.2962202000053367,
            "children": {
                "TrainerController._reset_env": {
                    "total": 16.054830100000057,
                    "count": 5,
                    "self": 16.054830100000057
                },
                "TrainerController.advance": {
                    "total": 1623.4210692999945,
                    "count": 44709,
                    "self": 1.201887699994586,