{
    "name": "root",
    "gauges": {
        "Beta4.0.Policy.Entropy.mean": {
            "value": 1.3963968753814697,
            "min": 1.3963968753814697,
            "max": 1.4189814329147339,
            "count": 50
        },
        "Beta4.0.Policy.Entropy.sum": {
            "value": 14092.4375,
            "min": 13612.50390625,
            "max": 15256.4248046875,
            "count": 50
        },
        "Beta4.0.Environment.EpisodeLength.mean": {
            "value": 172.61666666666667,
            "min": 150.4179104477612,
            "max": 749.9230769230769,
            "count": 50
        },
        "Beta4.0.Environment.EpisodeLength.sum": {
            "value": 10357.0,
            "min": 4189.0,
            "max": 12618.0,
            "count": 50
        },
        "Beta4.0.Self-play.ELO.mean": {
            "value": 1022.7015305021,
            "min": 1022.7015305021,
            "max": 1198.006031676817,
            "count": 50
        },
        "Beta4.0.Self-play.ELO.sum": {
            "value": 61362.091830126,
            "min": 7160.168315907704,
            "max": 68839.14618393626,
            "count": 50
        },
        "Beta4.0.Step.mean": {
            "value": 499945.0,
            "min": 9926.0,
            "max": 499945.0,
            "count": 50
        },
        "Beta4.0.Step.sum": {
            "value": 499945.0,
            "min": 9926.0,
            "max": 499945.0,
            "count": 50
        },
        "Beta4.0.Policy.ExtrinsicValueEstimate.mean": {
            "value": 3.124213218688965,
            "min": -8.395478248596191,
            "max": 3.4198086261749268,
            "count": 50
        },
        "Beta4.0.Policy.ExtrinsicValueEstimate.sum": {
            "value": 346.78765869140625,
            "min": -747.1975708007812,
            "max": 383.0185546875,
            "count": 50
        },
        "Beta4.0.Policy.CuriosityValueEstimate.mean": {
            "value": 1.4716901779174805,
            "min": 0.37750479578971863,
            "max": 8.78808879852295,
            "count": 50
        },
        "Beta4.0.Policy.CuriosityValueEstimate.sum": {
            "value": 163.35760498046875,
            "min": 31.33289909362793,
            "max": 755.775634765625,
            "count": 50
        },
        "Beta4.0.Environment.CumulativeReward.mean": {
            "value": 12.503333320717017,
            "min": -134.87999997933704,
            "max": 12.503333320717017,
            "count": 50
        },
        "Beta4.0.Environment.CumulativeReward.sum": {
            "value": 750.199999243021,
            "min": -2023.1999996900558,
            "max": 750.199999243021,
            "count": 50
        },
        "Beta4.0.Policy.ExtrinsicReward.mean": {
            "value": 12.503333320717017,
            "min": -134.87999997933704,
            "max": 12.503333320717017,
            "count": 50
        },
        "Beta4.0.Policy.ExtrinsicReward.sum": {
            "value": 750.199999243021,
            "min": -2023.1999996900558,
            "max": 750.199999243021,
            "count": 50
        },
        "Beta4.0.Policy.CuriosityReward.mean": {
            "value": 1.4057525048653285,
            "min": 0.0,
            "max": 401.42539740800856,
            "count": 50
        },
        "Beta4.0.Policy.CuriosityReward.sum": {
            "value": 84.34515029191971,
            "min": 0.0,
            "max": 6021.380961120129,
            "count": 50
        },
        "Beta4.0.IsTraining.mean": {
            "value": 1.0,
            "min": 1.0,
            "max": 1.0,
            "count": 50
        },
        "Beta4.0.IsTraining.sum": {
            "value": 1.0,
            "min": 1.0,
            "max": 1.0,
            "count": 50
        },
        "Beta4.0.Losses.PolicyLoss.mean": {
            "value": 0.09478938663378358,
            "min": 0.08247820466252355,
            "max": 0.144554424767072,
            "count": 27
        },
        "Beta4.0.Losses.PolicyLoss.sum": {
            "value": 0.09478938663378358,
            "min": 0.08247820466252355,
            "max": 0.144554424767072,
            "count": 27
        },
        "Beta4.0.Losses.ValueLoss.mean": {
            "value": 3.189525016148885,
            "min": 2.860328257083893,
            "max": 22.110154247283937,
            "count": 27
        },
        "Beta4.0.Losses.ValueLoss.sum": {
            "value": 3.189525016148885,
            "min": 2.860328257083893,
            "max": 22.110154247283937,
            "count": 27
        },
        "Beta4.0.Policy.LearningRate.mean": {
            "value": 2.1369992880001382e-07,
            "min": 2.1369992880001382e-07,
            "max": 0.0002881104039632,
            "count": 27
        },
        "Beta4.0.Policy.LearningRate.sum": {
            "value": 2.1369992880001382e-07,
            "min": 2.1369992880001382e-07,
            "max": 0.0002881104039632,
            "count": 27
        },
        "Beta4.0.Policy.Epsilon.mean": {
            "value": 0.10007119999999999,
            "min": 0.10007119999999999,
            "max": 0.19603679999999998,
            "count": 27
        },
        "Beta4.0.Policy.Epsilon.sum": {
            "value": 0.10007119999999999,
            "min": 0.10007119999999999,
            "max": 0.19603679999999998,
            "count": 27
        },
        "Beta4.0.Policy.Beta.mean": {
            "value": 1.3552880000000231e-05,
            "min": 1.3552880000000231e-05,
            "max": 0.004802236319999999,
            "count": 27
        },
        "Beta4.0.Policy.Beta.sum": {
            "value": 1.3552880000000231e-05,
            "min": 1.3552880000000231e-05,
            "max": 0.004802236319999999,
            "count": 27
        },
        "Beta4.0.Losses.CuriosityForwardLoss.mean": {
            "value": 0.4343754510084788,
            "min": 0.23671843856573105,
            "max": 145.0880849838257,
            "count": 27
        },
        "Beta4.0.Losses.CuriosityForwardLoss.sum": {
            "value": 0.4343754510084788,
            "min": 0.23671843856573105,
            "max": 145.0880849838257,
            "count": 27
        },
        "Beta4.0.Losses.CuriosityInverseLoss.mean": {
            "value": 2.7264412959416706,
            "min": 2.7264412959416706,
            "max": 3.594351633389791,
            "count": 27
        },
        "Beta4.0.Losses.CuriosityInverseLoss.sum": {
            "value": 2.7264412959416706,
            "min": 2.7264412959416706,
            "max": 3.594351633389791,
            "count": 27
        }
    },
    "metadata": {
        "timer_format_version": "0.1.0",
        "start_time_seconds": "1708839555",
        "python_version": "3.9.13 (tags/v3.9.13:6de2ca5, May 17 2022, 16:36:42) [MSC v.1929 64 bit (AMD64)]",
        "command_line_arguments": "D:\\Unity_Project\\Game\\venv\\Scripts\\mlagents-learn config/Beta4.0.yaml --run-id=4.0_AvoidObstacle",
        "mlagents_version": "0.30.0",
        "mlagents_envs_version": "0.30.0",
        "communication_protocol_version": "1.5.0",
        "pytorch_version": "1.13.1+cu117",
        "numpy_version": "1.21.2",
        "end_time_seconds": "1708841140"
    },
    "total": 1585.5047579000002,
    "count": 1,
    "self": 0.011313200000131474,
    "children": {
        "run_training.setup": {
            "total": 0.16609320000000016,
            "count": 1,
            "self": 0.16609320000000016
        },
        "TrainerController.start_learning": {
            "total": 1585.3273515,
            "count": 1,
            "self": 1.2316001999913624,
            "children": {
                "TrainerController._reset_env": {
                    "total": 11.791817599999984,
                    "count": 5,
                    "self": 11.791817599999984
                },
                "TrainerController.advance": {
                    "total": 1572.1637918000085,
                    "count": 43317,