{
    "name": "root",
    "gauges": {
        "BetaBrain.Policy.Entropy.mean": {
            "value": 1.1322335004806519,
            "min": 1.1314271688461304,
            "max": 1.271409273147583,
            "count": 100
        },
        "BetaBrain.Policy.Entropy.sum": {
            "value": 11277.0458984375,
            "min": 11193.638671875,
            "max": 12861.576171875,
            "count": 100
        },
        "BetaBrain.Environment.EpisodeLength.mean": {
            "value": 17.685393258426966,
            "min": 13.073550212164074,
            "max": 20.41327623126338,
            "count": 100
        },
        "BetaBrain.Environment.EpisodeLength.sum": {
            "value": 9444.0,
            "min": 8712.0,
            "max": 10152.0,
            "count": 100
        },
        "BetaBrain.Self-play.ELO.mean": {
            "value": 541.5356667541231,
            "min": 500.1413317657028,
            "max": 1200.2953707609108,
            "count": 100
        },
        "BetaBrain.Self-play.ELO.sum": {
            "value": 289180.0460467017,
            "min": 271076.6018170109,
            "max": 770109.6476732786,
            "count": 100
        },
        "BetaBrain.Step.mean": {
            "value": 999947.0,
            "min": 9988.0,
            "max": 999947.0,
            "count": 100
        },
        "BetaBrain.Step.sum": {
            "value": 999947.0,
            "min": 9988.0,
            "max": 999947.0,
            "count": 100
        },
        "BetaBrain.Policy.ExtrinsicValueEstimate.mean": {
            "value": 6.585130214691162,
            "min": 6.260584831237793,
            "max": 6.947094917297363,
            "count": 100
        },
        "BetaBrain.Policy.ExtrinsicValueEstimate.sum": {
            "value": 3595.481201171875,
            "min": 3148.52685546875,
            "max": 4696.818359375,
            "count": 100
        },
        "BetaBrain.Policy.CuriosityValueEstimate.mean": {
            "value": 0.1084289699792862,
            "min": 0.018313605338335037,
            "max": 0.19360500574111938,
            "count": 100
        },
        "BetaBrain.Policy.CuriosityValueEstimate.sum": {
            "value": 59.20221710205078,
            "min": 11.830589294433594,
            "max": 115.3477783203125,
            "count": 100
        },
        "BetaBrain.Environment.CumulativeReward.mean": {
            "value": 7.640262172909711,
            "min": 6.834936348855749,
            "max": 7.812309160714841,
            "count": 100
        },
        "BetaBrain.Environment.CumulativeReward.sum": {
            "value": 4079.900000333786,
            "min": 3513.0999997854233,
            "max": 4984.39999961853,
            "count": 100
        },
        "BetaBrain.Policy.ExtrinsicReward.mean": {
            "value": 7.640262172909711,
            "min": 6.834936348855749,
            "max": 7.812309160714841,
            "count": 100
        },
        "BetaBrain.Policy.ExtrinsicReward.sum": {
            "value": 4079.900000333786,
            "min": 3513.0999997854233,
            "max": 4984.39999961853,
            "count": 100
        },
        "BetaBrain.Policy.CuriosityReward.mean": {
            "value": 0.016760961092661453,
            "min": 0.010918111824904079,
            "max": 0.029844391040340024,
            "count": 100
        },
        "BetaBrain.Policy.CuriosityReward.sum": {
            "value": 8.950353223481216,
            "min": 6.441685976693407,
            "max": 16.444259463227354,
            "count": 100
        },
        "BetaBrain.Losses.PolicyLoss.mean": {
            "value": 0.3259118150505755,
            "min": 0.2715531523688696,
            "max": 0.550006076032878,
            "count": 100
        },
        "BetaBrain.Losses.PolicyLoss.sum": {
            "value": 0.9777354451517264,
            "min": 0.8146594571066088,
            "max": 2.200024304131512,
            "count": 100
        },
        "BetaBrain.Losses.ValueLoss.mean": {
            "value": 6.473004825909932,
            "min": 5.755177121692234,
            "max": 10.43042542934418,
            "count": 100
        },
        "BetaBrain.Losses.ValueLoss.sum": {
            "value": 19.419014477729796,
            "min": 17.2655313650767,
            "max": 41.72170171737672,
            "count": 100
        },
        "BetaBrain.Policy.LearningRate.mean": {
            "value": 1.7187994271000061e-06,
            "min": 1.7187994271000061e-06,
            "max": 0.00029837480054173334,
            "count": 100
        },
        "BetaBrain.Policy.LearningRate.sum": {
            "value": 5.1563982813000185e-06,
            "min": 5.1563982813000185e-06,
            "max": 0.0011827482057505997,
            "count": 100
        },
        "BetaBrain.Policy.Epsilon.mean": {
            "value": 0.10057290000000003,
            "min": 0.10057290000000003,
            "max": 0.19945826666666666,
            "count": 100
        },
        "BetaBrain.Policy.Epsilon.sum": {
            "value": 0.3017187000000001,
            "min": 0.3017187000000001,
            "max": 0.7942494000000001,
            "count": 100
        },
        "BetaBrain.Policy.Beta.mean": {
            "value": 0.005000000000000001,
            "min": 0.005000000000000001,
            "max": 0.005000000000000001,
            "count": 100
        },
        "BetaBrain.Policy.Beta.sum": {
            "value": 0.015000000000000003,
            "min": 0.015000000000000003,
            "max": 0.025000000000000005,
            "count": 100
        },
        "BetaBrain.Losses.CuriosityForwardLoss.mean": {
            "value": 0.04644828533960713,
            "min": 0.040974929742515084,
            "max": 0.06376350666913722,
            "count": 100
        },
        "BetaBrain.Losses.CuriosityForwardLoss.sum": {
            "value": 0.1393448560188214,
            "min": 0.12297328480829794,
            "max": 0.24730811056991417,
            "count": 100
        },
        "BetaBrain.Losses.CuriosityInverseLoss.mean": {
            "value": 1.428106423219045,
            "min": 1.3908849835395813,
            "max": 1.7753416922357346,
            "count": 100
        },
        "BetaBrain.Losses.CuriosityInverseLoss.sum": {
            "value": 4.284319269657135,
            "min": 4.210384329160054,
            "max": 7.383151666323345,
            "count": 100
        },
        "BetaBrain.IsTraining.mean": {
            "value": 1.0,
            "min": 1.0,
            "max": 1.0,
            "count": 100
        },
        "BetaBrain.IsTraining.sum": {
            "value": 1.0,
            "min": 1.0,
            "max": 1.0,
            "count": 100
        }
    },
    "metadata": {
        "timer_format_version": "0.1.0",
        "start_time_seconds": "1703842248",
        "python_version": "3.9.13 (tags/v3.9.13:6de2ca5, May 17 2022, 16:36:42) [MSC v.1929 64 bit (AMD64)]",
        "command_line_arguments": "C:\\Unity Project\\Game\\venv\\Scripts\\mlagents-learn config/BetaBrain.yaml --initialize-from=Beta0.1_V1 --run-id=Beta0.1_V2",
        "mlagents_version": "0.30.0",
        "mlagents_envs_version": "0.30.0",
        "communication_protocol_version": "1.5.0",
        "pytorch_version": "2.1.0+cu121",
        "numpy_version": "1.21.2",
        "end_time_seconds": "1703846510"
    },
    "total": 4262.8342135,
    "count": 1,
    "self": 0.025313200000709912,
    "children": {
        "run_training.setup": {
            "total": 0.2165613000000004,
            "count": 1,
            "self": 0.2165613000000004
        },
        "TrainerController.start_learning": {
            "total": 4262.592339,
            "count": 1,
            "self": 5.064605600005962,
            "children": {
                "TrainerController._reset_env": {
                    "total": 21.646075999999777,
                    "count": 10,
                    "self": 21.646075999999777
                },