{
    "name": "root",
    "gauges": {
        "BetaBrain.Policy.Entropy.mean": {
            "value": 1.3277785778045654,
            "min": 1.327774167060852,
            "max": 1.3613003492355347,
            "count": 34
        },
        "BetaBrain.Policy.Entropy.sum": {
            "value": 13352.1416015625,
            "min": 13081.2314453125,
            "max": 14277.318359375,
            "count": 34
        },
        "BetaBrain.Environment.EpisodeLength.mean": {
            "value": 417.15384615384613,
            "min": 118.05882352941177,
            "max": 623.7894736842105,
            "count": 34
        },
        "BetaBrain.Environment.EpisodeLength.sum": {
            "value": 10846.0,
            "min": 4384.0,
            "max": 11852.0,
            "count": 34
        },
        "BetaBrain.Self-play.ELO.mean": {
            "value": 1134.7303970538583,
            "min": 1134.595856477905,
            "max": 1200.0689175393773,
            "count": 34
        },
        "BetaBrain.Self-play.ELO.sum": {
            "value": 23829.338338131023,
            "min": 13200.406551051241,
            "max": 93193.53036638588,
            "count": 34
        },
        "BetaBrain.Step.mean": {
            "value": 339963.0,
            "min": 9969.0,
            "max": 339963.0,
            "count": 34
        },
        "BetaBrain.Step.sum": {
            "value": 339963.0,
            "min": 9969.0,
            "max": 339963.0,
            "count": 34
        },
        "BetaBrain.Policy.ExtrinsicValueEstimate.mean": {
            "value": 31.560558319091797,
            "min": 22.540008544921875,
            "max": 32.543113708496094,
            "count": 34
        },
        "BetaBrain.Policy.ExtrinsicValueEstimate.sum": {
            "value": 5333.734375,
            "min": 3696.5615234375,
            "max": 6900.2001953125,
            "count": 34
        },
        "BetaBrain.Policy.CuriosityValueEstimate.mean": {
            "value": 0.04771856591105461,
            "min": -0.007383251562714577,
            "max": 0.19080430269241333,
            "count": 34
        },
        "BetaBrain.Policy.CuriosityValueEstimate.sum": {
            "value": 8.064437866210938,
            "min": -1.2256197929382324,
            "max": 31.29190444946289,
            "count": 34
        },
        "BetaBrain.Environment.CumulativeReward.mean": {
            "value": 182.6096153992873,
            "min": 55.25235293753007,
            "max": 245.8261904943557,
            "count": 34
        },
        "BetaBrain.Environment.CumulativeReward.sum": {
            "value": 4747.85000038147,
            "min": 1870.550000667572,
            "max": 6025.900001525879,
            "count": 34
        },
        "BetaBrain.Policy.ExtrinsicReward.mean": {
            "value": 182.6096153992873,
            "min": 55.25235293753007,
            "max": 245.8261904943557,
            "count": 34
        },
        "BetaBrain.Policy.ExtrinsicReward.sum": {
            "value": 4747.85000038147,
            "min": 1870.550000667572,
            "max": 6025.900001525879,
            "count": 34
        },
        "BetaBrain.Policy.CuriosityReward.mean": {
            "value": 0.1570241691168541,
            "min": 0.00019661175525363754,
            "max": 0.3424453227578298,
            "count": 34
        },
        "BetaBrain.Policy.CuriosityReward.sum": {
            "value": 4.0826283970382065,
            "min": 0.003342399839311838,
            "max": 7.876242423430085,
            "count": 34
        },
        "BetaBrain.Losses.PolicyLoss.mean": {
            "value": 0.11574142249883153,
            "min": 0.09548731717125823,
            "max": 0.16950152695256596,
            "count": 34
        },
        "BetaBrain.Losses.PolicyLoss.sum": {
            "value": 0.11574142249883153,
            "min": 0.09548731717125823,
            "max": 0.2655049015224601,
            "count": 34
        },
        "BetaBrain.Losses.ValueLoss.mean": {
            "value": 16.917335939407348,
            "min": 5.771867096424103,
            "max": 19.37383918762207,
            "count": 34
        },
        "BetaBrain.Losses.ValueLoss.sum": {
            "value": 16.917335939407348,
            "min": 5.771867096424103,
            "max": 32.817606655756634,
            "count": 34
        },
        "BetaBrain.Policy.LearningRate.mean": {
            "value": 9.898626700459998e-05,
            "min": 9.898626700459998e-05,
            "max": 0.0002940984019672001,
            "count": 34
        },
        "BetaBrain.Policy.LearningRate.sum": {
            "value": 9.898626700459998e-05,
            "min": 9.898626700459998e-05,
            "max": 0.0002940984019672001,
            "count": 34
        },
        "BetaBrain.Policy.Epsilon.mean": {
            "value": 0.1329954,
            "min": 0.1329954,
            "max": 0.1980328,
            "count": 34
        },
        "BetaBrain.Policy.Epsilon.sum": {
            "value": 0.1329954,
            "min": 0.1329954,
            "max": 0.2903124,
            "count": 34
        },
        "BetaBrain.Policy.Beta.mean": {
            "value": 0.005000000000000001,
            "min": 0.005000000000000001,
            "max": 0.005000000000000001,
            "count": 34
        },
        "BetaBrain.Policy.Beta.sum": {
            "value": 0.005000000000000001,
            "min": 0.005000000000000001,
            "max": 0.010000000000000002,
            "count": 34
        },
        "BetaBrain.Losses.CuriosityForwardLoss.mean": {
            "value": 0.017820094370593627,
            "min": 0.016945586632937194,
            "max": 0.03243925143033266,
            "count": 34
        },
        "BetaBrain.Losses.CuriosityForwardLoss.sum": {
            "value": 0.017820094370593627,
            "min": 0.016945586632937194,
            "max": 0.04607719009121259,
            "count": 34
        },
        "BetaBrain.Losses.CuriosityInverseLoss.mean": {
            "value": 1.953216282526652,
            "min": 1.9123540043830871,
            "max": 1.997038467725118,
            "count": 34
        },
        "BetaBrain.Losses.CuriosityInverseLoss.sum": {
            "value": 1.953216282526652,
            "min": 1.9123540043830871,
            "max": 3.902316927909851,
            "count": 34
        },
        "BetaBrain.IsTraining.mean": {
            "value": 1.0,
            "min": 1.0,
            "max": 1.0,
            "count": 34
        },
        "BetaBrain.IsTraining.sum": {
            "value": 1.0,
            "min": 1.0,
            "max": 1.0,
            "count": 34
        }
    },
    "metadata": {
        "timer_format_version": "0.1.0",
        "start_time_seconds": "1704198004",
        "python_version": "3.9.13 (tags/v3.9.13:6de2ca5, May 17 2022, 16:36:42) [MSC v.1929 64 bit (AMD64)]",
        "command_line_arguments": "C:\\Unity Project\\Game\\venv\\Scripts\\mlagents-learn config/BetaBrain.yaml --initialize-from=Beta0.4_V1 --run-id=Beta0.4_V2",
        "mlagents_version": "0.30.0",
        "mlagents_envs_version": "0.30.0",
        "communication_protocol_version": "1.5.0",
        "pytorch_version": "2.1.0+cu121",
        "numpy_version": "1.21.2",
        "end_time_seconds": "1704199008"
    },
    "total": 1003.2841831999999,
    "count": 1,
    "self": 0.01352529999996932,
    "children": {
        "run_training.setup": {
            "total": 0.14375230000000006,
            "count": 1,
            "self": 0.14375230000000006
        },
        "TrainerController.start_learning": {
            "total": 1003.1269056,
            "count": 1,
            "self": 0.8655726999963917,
            "children": {
                "TrainerController._reset_env": {
                    "total": 14.137047899999956,
                    "count": 4,
                    "self": 14.137047899999956
                },