{
    "name": "root",
    "gauges": {
        "Beta4.0.Policy.Entropy.mean": {
            "value": 1.390783667564392,
            "min": 1.390783667564392,
            "max": 1.4190922975540161,
            "count": 50
        },
        "Beta4.0.Policy.Entropy.sum": {
            "value": 13852.205078125,
            "min": 13412.80078125,
            "max": 15569.8505859375,
            "count": 50
        },
        "Beta4.0.Environment.EpisodeLength.mean": {
            "value": 97.66355140186916,
            "min": 53.08791208791209,
            "max": 660.0,
            "count": 50
        },
        "Beta4.0.Environment.EpisodeLength.sum": {
            "value": 10450.0,
            "min": 4188.0,
            "max": 12722.0,
            "count": 50
        },
        "Beta4.0.Self-play.ELO.mean": {
            "value": 167.57304164192269,
            "min": 167.57304164192269,
            "max": 1199.7332681897167,
            "count": 50
        },
        "Beta4.0.Self-play.ELO.sum": {
            "value": 17930.315455685726,
            "min": 9452.627928729866,
            "max": 166291.92848723926,
            "count": 50
        },
        "Beta4.0.Step.mean": {
            "value": 499978.0,
            "min": 9959.0,
            "max": 499978.0,
            "count": 50
        },
        "Beta4.0.Step.sum": {
            "value": 499978.0,
            "min": 9959.0,
            "max": 499978.0,
            "count": 50
        },
        "Beta4.0.Policy.ExtrinsicValueEstimate.mean": {
            "value": -0.040262460708618164,
            "min": -8.285811424255371,
            "max": 0.31973883509635925,
            "count": 50
        },
        "Beta4.0.Policy.ExtrinsicValueEstimate.sum": {
            "value": -5.797794342041016,
            "min": -1072.7738037109375,
            "max": 26.5383243560791,
            "count": 50
        },
        "Beta4.0.Policy.CuriosityValueEstimate.mean": {
            "value": 0.5018168687820435,
            "min": 0.23269234597682953,
            "max": 2.638363838195801,
            "count": 50
        },
        "Beta4.0.Policy.CuriosityValueEstimate.sum": {
            "value": 72.26162719726562,
            "min": 20.1953125,
            "max": 298.47198486328125,
            "count": 50
        },
        "Beta4.0.Environment.CumulativeReward.mean": {
            "value": -0.19056603375752018,
            "min": -122.8894732759187,
            "max": -0.1556700979618682,
            "count": 50
        },
        "Beta4.0.Environment.CumulativeReward.sum": {
            "value": -20.199999578297138,
            "min": -2334.8999922424555,
            "max": -15.099999502301216,
            "count": 50
        },
        "Beta4.0.Policy.ExtrinsicReward.mean": {
            "value": -0.19056603375752018,
            "min": -122.8894732759187,
            "max": -0.1556700979618682,
            "count": 50
        },
        "Beta4.0.Policy.ExtrinsicReward.sum": {
            "value": -20.199999578297138,
            "min": -2334.8999922424555,
            "max": -15.099999502301216,
            "count": 50
        },
        "Beta4.0.Policy.CuriosityReward.mean": {
            "value": 0.23629610100761056,
            "min": 0.0,
            "max": 55.66973360776901,
            "count": 50
        },
        "Beta4.0.Policy.CuriosityReward.sum": {
            "value": 25.04738670680672,
            "min": 0.0,
            "max": 1052.31721752882,
            "count": 50
        },
        "Beta4.0.IsTraining.mean": {
            "value": 1.0,
            "min": 1.0,
            "max": 1.0,
            "count": 50
        },
        "Beta4.0.IsTraining.sum": {
            "value": 1.0,
            "min": 1.0,
            "max": 1.0,
            "count": 50
        },
        "Beta4.0.Losses.PolicyLoss.mean": {
            "value": 0.06938899223071833,
            "min": 0.06938899223071833,
            "max": 0.20231472466063374,
            "count": 29
        },
        "Beta4.0.Losses.PolicyLoss.sum": {
            "value": 0.06938899223071833,
            "min": 0.06938899223071833,
            "max": 0.20231472466063374,
            "count": 29
        },
        "Beta4.0.Losses.ValueLoss.mean": {
            "value": 0.04144198975215355,
            "min": 0.03420867472887039,
            "max": 3.1079418063163757,
            "count": 29
        },
        "Beta4.0.Losses.ValueLoss.sum": {
            "value": 0.04144198975215355,
            "min": 0.03420867472887039,
            "max": 3.1079418063163757,
            "count": 29
        },
        "Beta4.0.Policy.LearningRate.mean": {
            "value": 3.6609987799999964e-07,
            "min": 3.6609987799999964e-07,
            "max": 0.0002882226039258,
            "count": 29
        },
        "Beta4.0.Policy.LearningRate.sum": {
            "value": 3.6609987799999964e-07,
            "min": 3.6609987799999964e-07,
            "max": 0.0002882226039258,
            "count": 29
        },
        "Beta4.0.Policy.Epsilon.mean": {
            "value": 0.10012199999999997,
            "min": 0.10012199999999997,
            "max": 0.1960742,
            "count": 29
        },
        "Beta4.0.Policy.Epsilon.sum": {
            "value": 0.10012199999999997,
            "min": 0.10012199999999997,
            "max": 0.1960742,
            "count": 29
        },
        "Beta4.0.Policy.Beta.mean": {
            "value": 1.608779999999999e-05,
            "min": 1.608779999999999e-05,
            "max": 0.004804102579999999,
            "count": 29
        },
        "Beta4.0.Policy.Beta.sum": {
            "value": 1.608779999999999e-05,
            "min": 1.608779999999999e-05,
            "max": 0.004804102579999999,
            "count": 29
        },
        "Beta4.0.Losses.CuriosityForwardLoss.mean": {
            "value": 0.11187077686190605,
            "min": 0.11003912140925726,
            "max": 30.950661373138427,
            "count": 29
        },
        "Beta4.0.Losses.CuriosityForwardLoss.sum": {
            "value": 0.11187077686190605,
            "min": 0.11003912140925726,
            "max": 30.950661373138427,
            "count": 29
        },
        "Beta4.0.Losses.CuriosityInverseLoss.mean": {
            "value": 2.452095874150594,
            "min": 2.4238290866216023,
            "max": 3.227403155962626,
            "count": 29
        },
        "Beta4.0.Losses.CuriosityInverseLoss.sum": {
            "value": 2.452095874150594,
            "min": 2.4238290866216023,
            "max": 3.227403155962626,
            "count": 29
        }
    },
    "metadata": {
        "timer_format_version": "0.1.0",
        "start_time_seconds": "1707382826",
        "python_version": "3.9.13 (tags/v3.9.13:6de2ca5, May 17 2022, 16:36:42) [MSC v.1929 64 bit (AMD64)]",
        "command_line_arguments": "D:\\Unity_Project\\Game\\venv\\Scripts\\mlagents-learn config/Beta4.0.yaml --run-id=BetaV4_PlayerTrack2",
        "mlagents_version": "0.30.0",
        "mlagents_envs_version": "0.30.0",
        "communication_protocol_version": "1.5.0",
        "pytorch_version": "1.13.1+cu117",
        "numpy_version": "1.21.2",
        "end_time_seconds": "1707385287"
    },
    "total": 2461.0669732,
    "count": 1,
    "self": 0.07847850000007384,
    "children": {
        "run_training.setup": {
            "total": 0.21952149999999993,
            "count": 1,
            "self": 0.21952149999999993
        },
        "TrainerController.start_learning": {
            "total": 2460.7689732,
            "count": 1,
            "self": 1.7971450999939407,
            "children": {
                "TrainerController._reset_env": {
                    "total": 15.108367600000264,
                    "count": 5,
                    "self": 15.108367600000264
                },
                "TrainerController.advance": {
                    "total": 2443.2896570000053,
                    "count": 44189,