{
    "name": "root",
    "gauges": {
        "EnemyBrain.Policy.Entropy.mean": {
            "value": 1.1793975830078125,
            "min": 1.1793975830078125,
            "max": 1.2322152853012085,
            "count": 50
        },
        "EnemyBrain.Policy.Entropy.sum": {
            "value": 11789.2578125,
            "min": 11622.66015625,
            "max": 12686.888671875,
            "count": 50
        },
        "EnemyBrain.Environment.EpisodeLength.mean": {
            "value": 287.2307692307692,
            "min": 103.26086956521739,
            "max": 347.325,
            "count": 50
        },
        "EnemyBrain.Environment.EpisodeLength.sum": {
            "value": 11202.0,
            "min": 6430.0,
            "max": 13893.0,
            "count": 50
        },
        "EnemyBrain.Self-play.ELO.mean": {
            "value": 386.21818482939557,
            "min": 386.21818482939557,
            "max": 1189.2716640352774,
            "count": 50
        },
        "EnemyBrain.Self-play.ELO.sum": {
            "value": 14676.291023517031,
            "min": 11312.991105547591,
            "max": 104009.33443762729,
            "count": 50
        },
        "EnemyBrain.Step.mean": {
            "value": 499998.0,
            "min": 9958.0,
            "max": 499998.0,
            "count": 50
        },
        "EnemyBrain.Step.sum": {
            "value": 499998.0,
            "min": 9958.0,
            "max": 499998.0,
            "count": 50
        },
        "EnemyBrain.Policy.ExtrinsicValueEstimate.mean": {
            "value": 111.73452758789062,
            "min": 83.8677749633789,
            "max": 111.73452758789062,
            "count": 50
        },
        "EnemyBrain.Policy.ExtrinsicValueEstimate.sum": {
            "value": 19777.01171875,
            "min": 16511.03515625,
            "max": 21032.484375,
            "count": 50
        },
        "EnemyBrain.Policy.CuriosityValueEstimate.mean": {
            "value": 0.03108358569443226,
            "min": 0.03108358569443226,
            "max": 0.039745084941387177,
            "count": 50
        },
        "EnemyBrain.Policy.CuriosityValueEstimate.sum": {
            "value": 5.501794815063477,
            "min": 5.462193489074707,
            "max": 7.943153381347656,
            "count": 50
        },
        "EnemyBrain.Environment.CumulativeReward.mean": {
            "value": 1929.5128205128206,
            "min": 846.7065217391304,
            "max": 2068.6875,
            "count": 50
        },
        "EnemyBrain.Environment.CumulativeReward.sum": {
            "value": 75251.0,
            "min": 48429.0,
            "max": 87992.0,
            "count": 50
        },
        "EnemyBrain.Policy.ExtrinsicReward.mean": {
            "value": 1929.5128205128206,
            "min": 846.7065217391304,
            "max": 2068.6875,
            "count": 50
        },
        "EnemyBrain.Policy.ExtrinsicReward.sum": {
            "value": 75251.0,
            "min": 48429.0,
            "max": 87992.0,
            "count": 50
        },
        "EnemyBrain.Policy.CuriosityReward.mean": {
            "value": 0.09051487102913551,
            "min": 0.008146307652052015,
            "max": 0.11811607766139787,
            "count": 50
        },
        "EnemyBrain.Policy.CuriosityReward.sum": {
            "value": 3.530079970136285,
            "min": 0.6354119968600571,
            "max": 4.941569955088198,
            "count": 50
        },
        "EnemyBrain.Losses.PolicyLoss.mean": {
            "value": 0.16130720453026395,
            "min": 0.14567834686798353,
            "max": 0.2872119398166736,
            "count": 50
        },
        "EnemyBrain.Losses.PolicyLoss.sum": {
            "value": 0.16130720453026395,
            "min": 0.14567834686798353,
            "max": 0.5501033411982159,
            "count": 50
        },
        "EnemyBrain.Losses.ValueLoss.mean": {
            "value": 3080.221394856771,
            "min": 2318.091670735677,
            "max": 6891.8907470703125,
            "count": 50
        },
        "EnemyBrain.Losses.ValueLoss.sum": {
            "value": 3080.221394856771,
            "min": 2318.091670735677,
            "max": 12296.72354329427,
            "count": 50
        },
        "EnemyBrain.Policy.LearningRate.mean": {
            "value": 5.367698210800008e-06,
            "min": 5.367698210800008e-06,
            "max": 0.0002955030014989999,
            "count": 50
        },
        "EnemyBrain.Policy.LearningRate.sum": {
            "value": 5.367698210800008e-06,
            "min": 5.367698210800008e-06,
            "max": 0.0005574714141762,
            "count": 50
        },
        "EnemyBrain.Policy.Epsilon.mean": {
            "value": 0.10178919999999997,
            "min": 0.10178919999999997,
            "max": 0.19850100000000007,
            "count": 50
        },
        "EnemyBrain.Policy.Epsilon.sum": {
            "value": 0.10178919999999997,
            "min": 0.10178919999999997,
            "max": 0.3858238,
            "count": 50
        },
        "EnemyBrain.Policy.Beta.mean": {
            "value": 0.005000000000000001,
            "min": 0.005000000000000001,
            "max": 0.005000000000000001,
            "count": 50
        },
        "EnemyBrain.Policy.Beta.sum": {
            "value": 0.005000000000000001,
            "min": 0.005000000000000001,
            "max": 0.010000000000000002,
            "count": 50
        },
        "EnemyBrain.Losses.CuriosityForwardLoss.mean": {
            "value": 0.015272678155452014,
            "min": 0.01410322698454062,
            "max": 0.029250189786156018,
            "count": 50
        },
        "EnemyBrain.Losses.CuriosityForwardLoss.sum": {
            "value": 0.015272678155452014,
            "min": 0.01410322698454062,
            "max": 0.04268885627388954,
            "count": 50
        },
        "EnemyBrain.Losses.CuriosityInverseLoss.mean": {
            "value": 1.2975014567375183,
            "min": 1.2757267753283184,
            "max": 1.4941871841748555,
            "count": 50
        },
        "EnemyBrain.Losses.CuriosityInverseLoss.sum": {
            "value": 1.2975014567375183,
            "min": 1.2757267753283184,
            "max": 2.8516888856887816,
            "count": 50
        },
        "EnemyBrain.IsTraining.mean": {
            "value": 1.0,
            "min": 1.0,
            "max": 1.0,
            "count": 50
        },
        "EnemyBrain.IsTraining.sum": {
            "value": 1.0,
            "min": 1.0,
            "max": 1.0,
            "count": 50
        }
    },
    "metadata": {
        "timer_format_version": "0.1.0",
        "start_time_seconds": "1697739091",
        "python_version": "3.9.13 (tags/v3.9.13:6de2ca5, May 17 2022, 16:36:42) [MSC v.1929 64 bit (AMD64)]",
        "command_line_arguments": "C:\\Unity Project\\Game\\venv\\Scripts\\mlagents-learn config\\EnemyBrain.yaml --initialize-from=EnemyBeta2 --run-id=EnemyBeta3",
        "mlagents_version": "0.30.0",
        "mlagents_envs_version": "0.30.0",
        "communication_protocol_version": "1.5.0",
        "pytorch_version": "2.1.0+cu121",
        "numpy_version": "1.21.2",
        "end_time_seconds": "1697740963"
    },
    "total": 1872.7715658999998,
    "count": 1,
    "self": 0.015047299999878305,
    "children": {
        "run_training.setup": {
            "total": 0.1300908000000005,
            "count": 1,
            "self": 0.1300908000000005
        },
        "TrainerController.start_learning": {
            "total": 1872.6264277999999,
            "count": 1,
            "self": 1.3039513000105671,
            "children": {
                "TrainerController._reset_env": {
                    "total": 16.458927699999876,
                    "count": 5,
                    "self": 16.458927699999876
                },