{"count":1,"self":176.0442752,"total":244.5481566,"children":{"InitializeActuators":{"count":35,"self":0.0030196999999999997,"total":0.0030196999999999997,"children":null},"InitializeSensors":{"count":35,"self":0.0055223999999999994,"total":0.0055223999999999994,"children":null},"AgentSendState":{"count":11128,"self":8.0411888,"total":8.2283986,"children":{"CollectObservations":{"count":15199,"self":0.10950359999999999,"total":0.10950359999999999,"children":null},"WriteActionMask":{"count":15199,"self":0.020617999999999997,"total":0.020617999999999997,"children":null},"RequestDecision":{"count":15199,"self":0.057088299999999995,"total":0.057088299999999995,"children":null}}},"DecideAction":{"count":11128,"self":14.860448,"total":17.1755375,"children":{"RayPerceptionSensor.Perceive":{"count":30398,"self":2.3150896,"total":2.3150896,"children":null}}},"AgentAct":{"count":11128,"self":43.089401599999995,"total":43.089402899999996,"children":null}},"gauges":{},"metadata":{"timer_format_version":"0.1.0","start_time_seconds":"1709668710","unity_version":"2022.3.8f1","command_line_arguments":"C:\\Program Files\\Unity\\Hub\\Editor\\2022.3.8f1\\Editor\\Unity.exe -projectpath D:\\Unity_Project\\Game -useHub -hubIPC -cloudEnvironment production -licensingIpc LicenseClient-napat -hubSessionId feaf2f84-0423-4d1a-b9c5-43f5d34fd15e -accessToken IuB0DOkZ-DO-4VeQaBJqeYovrkMvafntEM-EoU4Ke1A011f","communication_protocol_version":"1.5.0","com.unity.ml-agents_version":"2.0.1","scene_name":"Ending Scene","end_time_seconds":"1709668954"}}