{"count":1,"self":28.2887328,"total":36.6818463,"children":{"InitializeActuators":{"count":9,"self":0.0020104999999999997,"total":0.0020104999999999997,"children":null},"InitializeSensors":{"count":9,"self":0.0035137999999999996,"total":0.0035137999999999996,"children":null},"AgentSendState":{"count":1456,"self":0.9114859,"total":0.94857609999999992,"children":{"CollectObservations":{"count":2604,"self":0.014787999999999999,"total":0.014787999999999999,"children":null},"WriteActionMask":{"count":2604,"self":0,"total":0,"children":null},"RequestDecision":{"count":2604,"self":0.022302199999999998,"total":0.022302199999999998,"children":null}}},"DecideAction":{"count":1456,"self":2.229149,"total":2.4534860999999997,"children":{"RayPerceptionSensor.Perceive":{"count":5208,"self":0.22433709999999998,"total":0.22433709999999998,"children":null}}},"AgentAct":{"count":1456,"self":4.9855276,"total":4.9855277,"children":null}},"gauges":{},"metadata":{"timer_format_version":"0.1.0","start_time_seconds":"1710771735","unity_version":"2022.3.8f1","command_line_arguments":"C:\\Program Files\\Unity\\Hub\\Editor\\2022.3.8f1\\Editor\\Unity.exe -projectpath D:\\Unity_Project\\Game -useHub -hubIPC -cloudEnvironment production -licensingIpc LicenseClient-napat -hubSessionId b395fb47-cd60-45c3-a5d2-b1fcf26e06de -accessToken fSpNPpCHV3Zn6yfmHhd4U9CwEwQMx4ehaay0o0BMvVY011f","communication_protocol_version":"1.5.0","com.unity.ml-agents_version":"2.0.1","scene_name":"Stage1","end_time_seconds":"1710771772"}}