{"count":1,"self":34.955987199999996,"total":48.917821599999996,"children":{"InitializeActuators":{"count":6,"self":0.0025536,"total":0.0025536,"children":null},"InitializeSensors":{"count":6,"self":0.0110936,"total":0.0110936,"children":null},"AgentSendState":{"count":1901,"self":1.3371537999999998,"total":1.3945994,"children":{"CollectObservations":{"count":1472,"self":0.0154615,"total":0.0154615,"children":null},"WriteActionMask":{"count":1472,"self":0.0020404999999999998,"total":0.0020404999999999998,"children":null},"RequestDecision":{"count":1472,"self":0.039943599999999996,"total":0.039943599999999996,"children":null}}},"DecideAction":{"count":1901,"self":4.2446275999999994,"total":5.3896652,"children":{"RayPerceptionSensor.Perceive":{"count":2944,"self":1.1450376,"total":1.1450376,"children":null}}},"AgentAct":{"count":1901,"self":7.1624143999999994,"total":7.1624146999999994,"children":null}},"gauges":{},"metadata":{"timer_format_version":"0.1.0","start_time_seconds":"1709304878","unity_version":"2022.3.8f1","command_line_arguments":"D:\\Works\\Unity\\Hub\\Editor\\2022.3.8f1\\Editor\\Unity.exe -projectpath D:\\Works\\Unity\\Project\\Game -useHub -hubIPC -cloudEnvironment production -licensingIpc LicenseClient-pskma -hubSessionId 4c755c6d-8274-4387-a8d2-22ca58808549 -accessToken cS8D0Yq4TJFuX8F1ANukPg6RKnW7kOIM4bhB6nbXeqw011f","communication_protocol_version":"1.5.0","com.unity.ml-agents_version":"2.0.1","scene_name":"Stage2","end_time_seconds":"1709304927"}}