{"count":1,"self":613.1544576,"total":1615.1491531,"children":{"InitializeActuators":{"count":12,"self":0.0040492,"total":0.0040492,"children":null},"InitializeSensors":{"count":12,"self":0.0050174,"total":0.0050174,"children":null},"AgentSendState":{"count":209484,"self":42.706716799999995,"total":59.179119899999996,"children":{"CollectObservations":{"count":502788,"self":1.4637178,"total":1.4637178,"children":null},"WriteActionMask":{"count":502788,"self":0.19129569999999999,"total":0.19129569999999999,"children":null},"RequestDecision":{"count":502788,"self":1.4873916999999999,"total":14.817388099999999,"children":{"AgentInfo.ToProto":{"count":502788,"self":1.0112401,"total":13.329996399999999,"children":{"GenerateSensorData":{"count":502788,"self":9.1822096,"total":12.318756299999999,"children":{"RayPerceptionSensor.Perceive":{"count":1005576,"self":3.1365468,"total":3.1365467,"children":null}}}}}}}}},"DecideAction":{"count":209484,"self":647.2914432,"total":647.2914469,"children":null},"AgentAct":{"count":209484,"self":295.272832,"total":295.5140348,"children":{"AgentInfo.ToProto":{"count":4877,"self":0.035955799999999996,"total":0.2412076,"children":{"GenerateSensorData":{"count":4877,"self":0.1583981,"total":0.20525179999999998,"children":{"RayPerceptionSensor.Perceive":{"count":9754,"self":0.0468537,"total":0.0468537,"children":null}}}}}}}},"gauges":{"Beta4.0.CumulativeReward":{"count":4877,"max":15,"min":-23.4999981,"runningAverage":14.1282959,"value":15,"weightedAverage":14.7179251}},"metadata":{"timer_format_version":"0.1.0","start_time_seconds":"1708841352","unity_version":"2022.3.8f1","command_line_arguments":"C:\\Program Files\\Unity\\Hub\\Editor\\2022.3.8f1\\Editor\\Unity.exe -projectpath D:\\Unity_Project\\Game -useHub -hubIPC -cloudEnvironment production -licensingIpc LicenseClient-napat -hubSessionId e728c590-1d23-4ddb-9382-d3af8e4b717a -accessToken XOJK4i8IMC6AqTtEzfUChGSPtzRaNEnf7cu8ptbC6u0011f","communication_protocol_version":"1.5.0","com.unity.ml-agents_version":"2.0.1","scene_name":"Training","end_time_seconds":"1708842967"}}