{
    "name": "root",
    "gauges": {
        "EnemyBrain.Policy.Entropy.mean": {
            "value": 1.3903363943099976,
            "min": 1.3901300430297852,
            "max": 1.4198206663131714,
            "count": 50
        },
        "EnemyBrain.Policy.Entropy.sum": {
            "value": 14081.3271484375,
            "min": 13551.80859375,
            "max": 14904.2734375,
            "count": 50
        },
        "EnemyBrain.Environment.EpisodeLength.mean": {
            "value": 65.38931297709924,
            "min": 54.54225352112676,
            "max": 418.0689655172414,
            "count": 50
        },
        "EnemyBrain.Environment.EpisodeLength.sum": {
            "value": 8566.0,
            "min": 3273.0,
            "max": 13485.0,
            "count": 50
        },
        "EnemyBrain.Self-play.ELO.mean": {
            "value": 676.3712115752994,
            "min": 676.3712115752994,
            "max": 1198.6933411131458,
            "count": 50
        },
        "EnemyBrain.Self-play.ELO.sum": {
            "value": 88604.62871636423,
            "min": 26371.253504489207,
            "max": 133784.2769313327,
            "count": 50
        },
        "EnemyBrain.Step.mean": {
            "value": 499937.0,
            "min": 9951.0,
            "max": 499937.0,
            "count": 50
        },
        "EnemyBrain.Step.sum": {
            "value": 499937.0,
            "min": 9951.0,
            "max": 499937.0,
            "count": 50
        },
        "EnemyBrain.Policy.ExtrinsicValueEstimate.mean": {
            "value": 26.684518814086914,
            "min": -0.24869173765182495,
            "max": 28.302066802978516,
            "count": 50
        },
        "EnemyBrain.Policy.ExtrinsicValueEstimate.sum": {
            "value": 6137.439453125,
            "min": -42.27759552001953,
            "max": 6905.7041015625,
            "count": 50
        },
        "EnemyBrain.Policy.CuriosityValueEstimate.mean": {
            "value": 1.6279696226119995,
            "min": 0.49930378794670105,
            "max": 10.915131568908691,
            "count": 50
        },
        "EnemyBrain.Policy.CuriosityValueEstimate.sum": {
            "value": 374.4330139160156,
            "min": 84.88164520263672,
            "max": 1880.796875,
            "count": 50
        },
        "EnemyBrain.Environment.CumulativeReward.mean": {
            "value": 87.40458015267176,
            "min": 48.275862068965516,
            "max": 94.23076923076923,
            "count": 50
        },
        "EnemyBrain.Environment.CumulativeReward.sum": {
            "value": 11450.0,
            "min": 1400.0,
            "max": 13100.0,
            "count": 50
        },
        "EnemyBrain.Policy.ExtrinsicReward.mean": {
            "value": 87.40458015267176,
            "min": 48.275862068965516,
            "max": 94.23076923076923,
            "count": 50
        },
        "EnemyBrain.Policy.ExtrinsicReward.sum": {
            "value": 11450.0,
            "min": 1400.0,
            "max": 13100.0,
            "count": 50
        },
        "EnemyBrain.Policy.CuriosityReward.mean": {
            "value": 0.28929693863606293,
            "min": 0.28818535331444717,
            "max": 193.44157126370598,
            "count": 50
        },
        "EnemyBrain.Policy.CuriosityReward.sum": {
            "value": 37.897898961324245,
            "min": 34.0,
            "max": 6577.013422966003,
            "count": 50
        },
        "EnemyBrain.Losses.PolicyLoss.mean": {
            "value": 0.17945204193626219,
            "min": 0.10713677844032646,
            "max": 0.24792180196382105,
            "count": 50
        },
        "EnemyBrain.Losses.PolicyLoss.sum": {
            "value": 0.35890408387252437,
            "min": 0.10713677844032646,
            "max": 0.4164662463280062,
            "count": 50
        },
        "EnemyBrain.Losses.ValueLoss.mean": {
            "value": 170.6580088297526,
            "min": 48.30693596849839,
            "max": 230.1669723510742,
            "count": 50
        },
        "EnemyBrain.Losses.ValueLoss.sum": {
            "value": 341.3160176595052,
            "min": 48.30693596849839,
            "max": 419.64858703613277,
            "count": 50
        },
        "EnemyBrain.Policy.LearningRate.mean": {
            "value": 2.8116990627999975e-06,
            "min": 2.8116990627999975e-06,
            "max": 0.00029435700188100005,
            "count": 50
        },
        "EnemyBrain.Policy.LearningRate.sum": {
            "value": 5.623398125599995e-06,
            "min": 5.623398125599995e-06,
            "max": 0.0004867566377478001,
            "count": 50
        },
        "EnemyBrain.Policy.Epsilon.mean": {
            "value": 0.1009372,
            "min": 0.1009372,
            "max": 0.19811900000000005,
            "count": 50
        },
        "EnemyBrain.Policy.Epsilon.sum": {
            "value": 0.2018744,
            "min": 0.10307520000000002,
            "max": 0.3622522000000001,
            "count": 50
        },
        "EnemyBrain.Policy.Beta.mean": {
            "value": 0.005000000000000001,
            "min": 0.005000000000000001,
            "max": 0.005000000000000001,
            "count": 50
        },
        "EnemyBrain.Policy.Beta.sum": {
            "value": 0.010000000000000002,
            "min": 0.005000000000000001,
            "max": 0.010000000000000002,
            "count": 50
        },
        "EnemyBrain.Losses.CuriosityForwardLoss.mean": {
            "value": 0.19433541893959044,
            "min": 0.1858486105998357,
            "max": 219.90013160705567,
            "count": 50
        },
        "EnemyBrain.Losses.CuriosityForwardLoss.sum": {
            "value": 0.3886708378791809,
            "min": 0.18628017902374266,
            "max": 219.90013160705567,
            "count": 50
        },
        "EnemyBrain.Losses.CuriosityInverseLoss.mean": {
            "value": 2.9001263618469237,
            "min": 2.86452480951945,
            "max": 4.766170883178711,
            "count": 50
        },
        "EnemyBrain.Losses.CuriosityInverseLoss.sum": {
            "value": 5.8002527236938475,
            "min": 2.86452480951945,
            "max": 6.097790193557739,
            "count": 50
        },
        "EnemyBrain.IsTraining.mean": {
            "value": 1.0,
            "min": 1.0,
            "max": 1.0,
            "count": 50
        },
        "EnemyBrain.IsTraining.sum": {
            "value": 1.0,
            "min": 1.0,
            "max": 1.0,
            "count": 50
        }
    },
    "metadata": {
        "timer_format_version": "0.1.0",
        "start_time_seconds": "1697122000",
        "python_version": "3.9.13 (tags/v3.9.13:6de2ca5, May 17 2022, 16:36:42) [MSC v.1929 64 bit (AMD64)]",
        "command_line_arguments": "C:\\Unity Project\\Game\\venv\\Scripts\\mlagents-learn config/EnemyBrain.yaml --run-id=EnemyTracking",
        "mlagents_version": "0.30.0",
        "mlagents_envs_version": "0.30.0",
        "communication_protocol_version": "1.5.0",
        "pytorch_version": "2.1.0+cu121",
        "numpy_version": "1.21.2",
        "end_time_seconds": "1697123487"
    },
    "total": 1487.2324535,
    "count": 1,
    "self": 0.022001399999908244,
    "children": {
        "run_training.setup": {
            "total": 0.1734732000000001,
            "count": 1,
            "self": 0.1734732000000001
        },
        "TrainerController.start_learning": {
            "total": 1487.0369789000001,
            "count": 1,
            "self": 1.202578799993944,
            "children": {
                "TrainerController._reset_env": {
                    "total": 20.392702799999896,
                    "count": 5,
                    "self": 20.392702799999896
                },
                "TrainerController.advance": {
                    "total": 1465.2177049000065,
                    "count": 34900,