{
    "name": "root",
    "gauges": {
        "EnemyBrain.Policy.Entropy.mean": {
            "value": 1.4224692583084106,
            "min": 1.419207215309143,
            "max": 1.4224692583084106,
            "count": 3
        },
        "EnemyBrain.Policy.Entropy.sum": {
            "value": 14189.130859375,
            "min": 14189.130859375,
            "max": 14270.12890625,
            "count": 3
        },
        "EnemyBrain.Environment.EpisodeLength.mean": {
            "value": 151.47692307692307,
            "min": 125.83544303797468,
            "max": 151.47692307692307,
            "count": 3
        },
        "EnemyBrain.Environment.EpisodeLength.sum": {
            "value": 9846.0,
            "min": 9846.0,
            "max": 9941.0,
            "count": 3
        },
        "EnemyBrain.Self-play.ELO.mean": {
            "value": 1197.1899515142209,
            "min": 1197.1899515142209,
            "max": 1198.3602843628935,
            "count": 3
        },
        "EnemyBrain.Self-play.ELO.sum": {
            "value": 77817.34684842435,
            "min": 77817.34684842435,
            "max": 93472.1021803057,
            "count": 3
        },
        "EnemyBrain.Step.mean": {
            "value": 29960.0,
            "min": 9965.0,
            "max": 29960.0,
            "count": 3
        },
        "EnemyBrain.Step.sum": {
            "value": 29960.0,
            "min": 9965.0,
            "max": 29960.0,
            "count": 3
        },
        "EnemyBrain.Policy.ExtrinsicValueEstimate.mean": {
            "value": -9.499018669128418,
            "min": -9.499018669128418,
            "max": -0.22457149624824524,
            "count": 3
        },
        "EnemyBrain.Policy.ExtrinsicValueEstimate.sum": {
            "value": -1814.3125,
            "min": -1814.3125,
            "max": -44.016014099121094,
            "count": 3
        },
        "EnemyBrain.Policy.CuriosityValueEstimate.mean": {
            "value": 1.378018856048584,
            "min": -0.3868522644042969,
            "max": 1.378018856048584,
            "count": 3
        },
        "EnemyBrain.Policy.CuriosityValueEstimate.sum": {
            "value": 263.20159912109375,
            "min": -75.82304382324219,
            "max": 263.20159912109375,
            "count": 3
        },
        "EnemyBrain.Environment.CumulativeReward.mean": {
            "value": -10098.076923076924,
            "min": -13187.341772151898,
            "max": -8432.692307692309,
            "count": 3
        },
        "EnemyBrain.Environment.CumulativeReward.sum": {
            "value": -656375.0,
            "min": -1041800.0,
            "max": -656375.0,
            "count": 3
        },
        "EnemyBrain.Policy.ExtrinsicReward.mean": {
            "value": -10098.076923076924,
            "min": -13187.341772151898,
            "max": -8432.692307692309,
            "count": 3
        },
        "EnemyBrain.Policy.ExtrinsicReward.sum": {
            "value": -656375.0,
            "min": -1041800.0,
            "max": -656375.0,
            "count": 3
        },
        "EnemyBrain.Policy.CuriosityReward.mean": {
            "value": 98.31633457037118,
            "min": 21.56685335208208,
            "max": 119.78377100259443,
            "count": 3
        },
        "EnemyBrain.Policy.CuriosityReward.sum": {
            "value": 6390.561747074127,
            "min": 1682.2145614624023,
            "max": 9462.91790920496,
            "count": 3
        },
        "EnemyBrain.Losses.PolicyLoss.mean": {
            "value": 0.22238183133304118,
            "min": 0.21856719257775695,
            "max": 0.23881083795179922,
            "count": 3
        },
        "EnemyBrain.Losses.PolicyLoss.sum": {
            "value": 0.22238183133304118,
            "min": 0.21856719257775695,
            "max": 0.23881083795179922,
            "count": 3
        },
        "EnemyBrain.Losses.ValueLoss.mean": {
            "value": 3216104.8291666666,
            "min": 1510040.6890625,
            "max": 3216104.8291666666,
            "count": 3
        },
        "EnemyBrain.Losses.ValueLoss.sum": {
            "value": 3216104.8291666666,
            "min": 1510040.6890625,
            "max": 3216104.8291666666,
            "count": 3
        },
        "EnemyBrain.Policy.LearningRate.mean": {
            "value": 0.00028539180486939993,
            "min": 0.00028539180486939993,
            "max": 0.00029508720163760004,
            "count": 3
        },
        "EnemyBrain.Policy.LearningRate.sum": {
            "value": 0.00028539180486939993,
            "min": 0.00028539180486939993,
            "max": 0.00029508720163760004,
            "count": 3
        },
        "EnemyBrain.Policy.Epsilon.mean": {
            "value": 0.19513059999999996,
            "min": 0.19513059999999996,
            "max": 0.19836239999999997,
            "count": 3
        },
        "EnemyBrain.Policy.Epsilon.sum": {
            "value": 0.19513059999999996,
            "min": 0.19513059999999996,
            "max": 0.19836239999999997,
            "count": 3
        },
        "EnemyBrain.Policy.Beta.mean": {
            "value": 0.005000000000000001,
            "min": 0.005000000000000001,
            "max": 0.005000000000000001,
            "count": 3
        },
        "EnemyBrain.Policy.Beta.sum": {
            "value": 0.005000000000000001,
            "min": 0.005000000000000001,
            "max": 0.005000000000000001,
            "count": 3
        },
        "EnemyBrain.Losses.CuriosityForwardLoss.mean": {
            "value": 34.63647282918294,
            "min": 34.63647282918294,
            "max": 363.572496287028,
            "count": 3
        },
        "EnemyBrain.Losses.CuriosityForwardLoss.sum": {
            "value": 34.63647282918294,
            "min": 34.63647282918294,
            "max": 363.572496287028,
            "count": 3
        },
        "EnemyBrain.Losses.CuriosityInverseLoss.mean": {
            "value": 3.120720879236857,
            "min": 3.120720879236857,
            "max": 4.338250796000163,
            "count": 3
        },
        "EnemyBrain.Losses.CuriosityInverseLoss.sum": {
            "value": 3.120720879236857,
            "min": 3.120720879236857,
            "max": 4.338250796000163,
            "count": 3
        },
        "EnemyBrain.IsTraining.mean": {
            "value": 1.0,
            "min": 1.0,
            "max": 1.0,
            "count": 3
        },
        "EnemyBrain.IsTraining.sum": {
            "value": 1.0,
            "min": 1.0,
            "max": 1.0,
            "count": 3
        }
    },
    "metadata": {
        "timer_format_version": "0.1.0",
        "start_time_seconds": "1697029362",
        "python_version": "3.9.13 (tags/v3.9.13:6de2ca5, May 17 2022, 16:36:42) [MSC v.1929 64 bit (AMD64)]",
        "command_line_arguments": "C:\\Unity Project\\Game\\venv\\Scripts\\mlagents-learn config/EnemyBrain.yaml --run-id=TestTracking",
        "mlagents_version": "0.30.0",
        "mlagents_envs_version": "0.30.0",
        "communication_protocol_version": "1.5.0",
        "pytorch_version": "2.1.0+cu121",
        "numpy_version": "1.21.2",
        "end_time_seconds": "1697030081"
    },
    "total": 718.8573008,
    "count": 1,
    "self": 0.010195600000088234,
    "children": {
        "run_training.setup": {
            "total": 0.12570520000000007,
            "count": 1,
            "self": 0.12570520000000007
        },
        "TrainerController.start_learning": {
            "total": 718.7213999999999,
            "count": 1,
            "self": 1.0408291000014742,
            "children": {
                "TrainerController._reset_env": {
                    "total": 15.3009633,
                    "count": 1,
                    "self": 15.3009633
                },
                "TrainerController.advance": {
                    "total": 701.9293373999984,
                    "count": 38043,