{
    "name": "root",
    "gauges": {
        "EnemyBrain.Policy.Entropy.mean": {
            "value": 1.1068471670150757,
            "min": 1.1068471670150757,
            "max": 1.4186025857925415,
            "count": 27
        },
        "EnemyBrain.Policy.Entropy.sum": {
            "value": 11157.01953125,
            "min": 10891.4072265625,
            "max": 14759.1416015625,
            "count": 27
        },
        "EnemyBrain.Environment.EpisodeLength.mean": {
            "value": 5.126225490196078,
            "min": 5.126225490196078,
            "max": 54.39887640449438,
            "count": 27
        },
        "EnemyBrain.Environment.EpisodeLength.sum": {
            "value": 8366.0,
            "min": 6324.0,
            "max": 12010.0,
            "count": 27
        },
        "EnemyBrain.Self-play.ELO.mean": {
            "value": 1150.9862348422128,
            "min": 1124.6192622504232,
            "max": 1182.2973217500928,
            "count": 27
        },
        "EnemyBrain.Self-play.ELO.sum": {
            "value": 1878409.535262491,
            "min": 210448.9232715165,
            "max": 1878409.535262491,
            "count": 27
        },
        "EnemyBrain.Step.mean": {
            "value": 269999.0,
            "min": 9989.0,
            "max": 269999.0,
            "count": 27
        },
        "EnemyBrain.Step.sum": {
            "value": 269999.0,
            "min": 9989.0,
            "max": 269999.0,
            "count": 27
        },
        "EnemyBrain.Policy.ExtrinsicValueEstimate.mean": {
            "value": 87.58116912841797,
            "min": 0.5530520081520081,
            "max": 87.58116912841797,
            "count": 27
        },
        "EnemyBrain.Policy.ExtrinsicValueEstimate.sum": {
            "value": 144859.25,
            "min": 148.77099609375,
            "max": 144859.25,
            "count": 27
        },
        "EnemyBrain.Policy.CuriosityValueEstimate.mean": {
            "value": 1.0085688829421997,
            "min": 0.18966546654701233,
            "max": 2.1791181564331055,
            "count": 27
        },
        "EnemyBrain.Policy.CuriosityValueEstimate.sum": {
            "value": 1668.1729736328125,
            "min": 51.02001190185547,
            "max": 1668.1729736328125,
            "count": 27
        },
        "EnemyBrain.Environment.CumulativeReward.mean": {
            "value": 100.0,
            "min": 35.95505617977528,
            "max": 100.0,
            "count": 27
        },
        "EnemyBrain.Environment.CumulativeReward.sum": {
            "value": 163200.0,
            "min": 6400.0,
            "max": 163200.0,
            "count": 27
        },
        "EnemyBrain.Policy.ExtrinsicReward.mean": {
            "value": 100.0,
            "min": 35.95505617977528,
            "max": 100.0,
            "count": 27
        },
        "EnemyBrain.Policy.ExtrinsicReward.sum": {
            "value": 163200.0,
            "min": 6400.0,
            "max": 163200.0,
            "count": 27
        },
        "EnemyBrain.Policy.CuriosityReward.mean": {
            "value": 0.021283878443201128,
            "min": 0.021283878443201128,
            "max": 11.168492991853967,
            "count": 27
        },
        "EnemyBrain.Policy.CuriosityReward.sum": {
            "value": 34.73528961930424,
            "min": 26.206267467234284,
            "max": 2266.253122188151,
            "count": 27
        },
        "EnemyBrain.Losses.PolicyLoss.mean": {
            "value": 1.301528323146243,
            "min": 0.17606893189561865,
            "max": 2.3772832684218885,
            "count": 27
        },
        "EnemyBrain.Losses.PolicyLoss.sum": {
            "value": 13.01528323146243,
            "min": 0.17606893189561865,
            "max": 23.772832684218887,
            "count": 27
        },
        "EnemyBrain.Losses.ValueLoss.mean": {
            "value": 63.53248586018881,
            "min": 63.53248586018881,
            "max": 1084.539840189616,
            "count": 27
        },
        "EnemyBrain.Losses.ValueLoss.sum": {
            "value": 635.3248586018881,
            "min": 531.0886330922444,
            "max": 4849.9368082682295,
            "count": 27
        },
        "EnemyBrain.Policy.LearningRate.mean": {
            "value": 0.00014093123302293998,
            "min": 0.00014093123302293998,
            "max": 0.0002963844012052,
            "count": 27
        },
        "EnemyBrain.Policy.LearningRate.sum": {
            "value": 0.0014093123302293998,
            "min": 0.0002963844012052,
            "max": 0.0017682892105704,
            "count": 27
        },
        "EnemyBrain.Policy.Epsilon.mean": {
            "value": 0.14697706,
            "min": 0.14697706,
            "max": 0.1987948,
            "count": 27
        },
        "EnemyBrain.Policy.Epsilon.sum": {
            "value": 1.4697706,
            "min": 0.1987948,
            "max": 1.5894296000000003,
            "count": 27
        },
        "EnemyBrain.Policy.Beta.mean": {
            "value": 0.005000000000000002,
            "min": 0.005,
            "max": 0.005000000000000002,
            "count": 27
        },
        "EnemyBrain.Policy.Beta.sum": {
            "value": 0.05000000000000002,
            "min": 0.005000000000000001,
            "max": 0.05000000000000002,
            "count": 27
        },
        "EnemyBrain.Losses.CuriosityForwardLoss.mean": {
            "value": 0.17655685536563395,
            "min": 0.1412924682100614,
            "max": 77.79764804840087,
            "count": 27
        },
        "EnemyBrain.Losses.CuriosityForwardLoss.sum": {
            "value": 1.7655685536563395,
            "min": 0.7679285307725271,
            "max": 77.79764804840087,
            "count": 27
        },
        "EnemyBrain.Losses.CuriosityInverseLoss.mean": {
            "value": 1.9382238980134328,
            "min": 1.886485183238983,
            "max": 3.596594055493673,
            "count": 27
        },
        "EnemyBrain.Losses.CuriosityInverseLoss.sum": {
            "value": 19.38223898013433,
            "min": 3.596594055493673,
            "max": 19.888779409726464,
            "count": 27
        },
        "EnemyBrain.IsTraining.mean": {
            "value": 1.0,
            "min": 1.0,
            "max": 1.0,
            "count": 27
        },
        "EnemyBrain.IsTraining.sum": {
            "value": 1.0,
            "min": 1.0,
            "max": 1.0,
            "count": 27
        }
    },
    "metadata": {
        "timer_format_version": "0.1.0",
        "start_time_seconds": "1697744159",
        "python_version": "3.9.13 (tags/v3.9.13:6de2ca5, May 17 2022, 16:36:42) [MSC v.1929 64 bit (AMD64)]",
        "command_line_arguments": "C:\\Unity Project\\Game\\venv\\Scripts\\mlagents-learn config\\EnemyBrain.yaml --run-id=EnemyBeta",
        "mlagents_version": "0.30.0",
        "mlagents_envs_version": "0.30.0",
        "communication_protocol_version": "1.5.0",
        "pytorch_version": "2.1.0+cu121",
        "numpy_version": "1.21.2",
        "end_time_seconds": "1697745616"
    },
    "total": 1457.5121855,
    "count": 1,
    "self": 0.021446099999820945,
    "children": {
        "run_training.setup": {
            "total": 0.13236740000000058,
            "count": 1,
            "self": 0.13236740000000058
        },
        "TrainerController.start_learning": {
            "total": 1457.3583720000001,
            "count": 1,
            "self": 1.382756000012023,
            "children": {
                "TrainerController._reset_env": {
                    "total": 12.660074300000026,
                    "count": 3,
                    "self": 12.660074300000026
                },
                "TrainerController.advance": {
                    "total": 1443.073647699988,
                    "count": 40332,
                    "self": 1.1252206000024216,