{
    "name": "root",
    "gauges": {
        "EnemyBrain.Policy.Entropy.mean": {
            "value": 1.3207106590270996,
            "min": 1.3207106590270996,
            "max": 1.418522596359253,
            "count": 50
        },
        "EnemyBrain.Policy.Entropy.sum": {
            "value": 13106.732421875,
            "min": 13032.953125,
            "max": 14775.3310546875,
            "count": 50
        },
        "EnemyBrain.Environment.EpisodeLength.mean": {
            "value": 78.008,
            "min": 49.50259067357513,
            "max": 96.66363636363636,
            "count": 50
        },
        "EnemyBrain.Environment.EpisodeLength.sum": {
            "value": 9751.0,
            "min": 8196.0,
            "max": 11011.0,
            "count": 50
        },
        "EnemyBrain.Self-play.ELO.mean": {
            "value": 223.02492232937763,
            "min": 207.25921150811405,
            "max": 1177.4918369004095,
            "count": 50
        },
        "EnemyBrain.Self-play.ELO.sum": {
            "value": 27878.115291172206,
            "min": 23006.40464049254,
            "max": 212672.06533507374,
            "count": 50
        },
        "EnemyBrain.Step.mean": {
            "value": 499952.0,
            "min": 9998.0,
            "max": 499952.0,
            "count": 50
        },
        "EnemyBrain.Step.sum": {
            "value": 499952.0,
            "min": 9998.0,
            "max": 499952.0,
            "count": 50
        },
        "EnemyBrain.Policy.ExtrinsicValueEstimate.mean": {
            "value": 52.70854187011719,
            "min": 2.4394657611846924,
            "max": 52.73542404174805,
            "count": 50
        },
        "EnemyBrain.Policy.ExtrinsicValueEstimate.sum": {
            "value": 12122.96484375,
            "min": 639.1400146484375,
            "max": 13104.6875,
            "count": 50
        },
        "EnemyBrain.Policy.CuriosityValueEstimate.mean": {
            "value": 0.0800255686044693,
            "min": 0.0800255686044693,
            "max": 1.723636507987976,
            "count": 50
        },
        "EnemyBrain.Policy.CuriosityValueEstimate.sum": {
            "value": 18.405879974365234,
            "min": 18.326465606689453,
            "max": 458.4873046875,
            "count": 50
        },
        "EnemyBrain.Environment.CumulativeReward.mean": {
            "value": 751.42,
            "min": 548.7604166666666,
            "max": 870.1,
            "count": 50
        },
        "EnemyBrain.Environment.CumulativeReward.sum": {
            "value": 93927.5,
            "min": 84422.5,
            "max": 111030.0,
            "count": 50
        },
        "EnemyBrain.Policy.ExtrinsicReward.mean": {
            "value": 751.42,
            "min": 548.7604166666666,
            "max": 870.1,
            "count": 50
        },
        "EnemyBrain.Policy.ExtrinsicReward.sum": {
            "value": 93927.5,
            "min": 84422.5,
            "max": 111030.0,
            "count": 50
        },
        "EnemyBrain.Policy.CuriosityReward.mean": {
            "value": 0.06021271804254502,
            "min": 0.050020584027099954,
            "max": 4.149701517328377,
            "count": 50
        },
        "EnemyBrain.Policy.CuriosityReward.sum": {
            "value": 7.526589755318128,
            "min": 7.002881763793994,
            "max": 763.5450791884214,
            "count": 50
        },
        "EnemyBrain.Losses.PolicyLoss.mean": {
            "value": 0.44041896872222425,
            "min": 0.31075726871689163,
            "max": 0.6065522395074368,
            "count": 50
        },
        "EnemyBrain.Losses.PolicyLoss.sum": {
            "value": 0.8808379374444485,
            "min": 0.31075726871689163,
            "max": 1.2131044790148735,
            "count": 50
        },
        "EnemyBrain.Losses.ValueLoss.mean": {
            "value": 7172.897224934895,
            "min": 5928.130419921875,
            "max": 10550.911165364583,
            "count": 50
        },
        "EnemyBrain.Losses.ValueLoss.sum": {
            "value": 14345.79444986979,
            "min": 5928.130419921875,
            "max": 18657.739656575523,
            "count": 50
        },
        "EnemyBrain.Policy.LearningRate.mean": {
            "value": 2.2575992475000016e-06,
            "min": 2.2575992475000016e-06,
            "max": 0.00029624820125060005,
            "count": 50
        },
        "EnemyBrain.Policy.LearningRate.sum": {
            "value": 4.515198495000003e-06,
            "min": 4.515198495000003e-06,
            "max": 0.000581583006139,
            "count": 50
        },
        "EnemyBrain.Policy.Epsilon.mean": {
            "value": 0.10075250000000001,
            "min": 0.10075250000000001,
            "max": 0.19874939999999994,
            "count": 50
        },
        "EnemyBrain.Policy.Epsilon.sum": {
            "value": 0.20150500000000002,
            "min": 0.10281360000000003,
            "max": 0.393861,
            "count": 50
        },
        "EnemyBrain.Policy.Beta.mean": {
            "value": 0.005000000000000001,
            "min": 0.005000000000000001,
            "max": 0.005000000000000001,
            "count": 50
        },
        "EnemyBrain.Policy.Beta.sum": {
            "value": 0.010000000000000002,
            "min": 0.005000000000000001,
            "max": 0.010000000000000002,
            "count": 50
        },
        "EnemyBrain.Losses.CuriosityForwardLoss.mean": {
            "value": 0.0368581787062188,
            "min": 0.035946920762459436,
            "max": 21.261328840255736,
            "count": 50
        },
        "EnemyBrain.Losses.CuriosityForwardLoss.sum": {
            "value": 0.0737163574124376,
            "min": 0.035946920762459436,
            "max": 21.261328840255736,
            "count": 50
        },
        "EnemyBrain.Losses.CuriosityInverseLoss.mean": {
            "value": 1.7022427221139271,
            "min": 1.6634442925453186,
            "max": 3.100043773651123,
            "count": 50
        },
        "EnemyBrain.Losses.CuriosityInverseLoss.sum": {
            "value": 3.4044854442278543,
            "min": 1.6634442925453186,
            "max": 5.979123743375142,
            "count": 50
        },
        "EnemyBrain.IsTraining.mean": {
            "value": 1.0,
            "min": 1.0,
            "max": 1.0,
            "count": 50
        },
        "EnemyBrain.IsTraining.sum": {
            "value": 1.0,
            "min": 1.0,
            "max": 1.0,
            "count": 50
        }
    },
    "metadata": {
        "timer_format_version": "0.1.0",
        "start_time_seconds": "1697735133",
        "python_version": "3.9.13 (tags/v3.9.13:6de2ca5, May 17 2022, 16:36:42) [MSC v.1929 64 bit (AMD64)]",
        "command_line_arguments": "C:\\Unity Project\\Game\\venv\\Scripts\\mlagents-learn config\\EnemyBrain.yaml --run-id=EnemyBeta",
        "mlagents_version": "0.30.0",
        "mlagents_envs_version": "0.30.0",
        "communication_protocol_version": "1.5.0",
        "pytorch_version": "2.1.0+cu121",
        "numpy_version": "1.21.2",
        "end_time_seconds": "1697737120"
    },
    "total": 1987.4451162,
    "count": 1,
    "self": 0.01466460000006009,
    "children": {
        "run_training.setup": {
            "total": 0.13337850000000007,
            "count": 1,
            "self": 0.13337850000000007
        },
        "TrainerController.start_learning": {
            "total": 1987.2970731,
            "count": 1,
            "self": 1.4375943999948504,
            "children": {
                "TrainerController._reset_env": {
                    "total": 12.39519739999989,
                    "count": 5,
                    "self": 12.39519739999989
                },
                "TrainerController.advance": {
                    "total": 1973.2956686000052,
                    "count": 47525,