{
    "name": "root",
    "gauges": {
        "EnemyBrain.Policy.Entropy.mean": {
            "value": 1.4527257680892944,
            "min": 1.4511381387710571,
            "max": 1.4527257680892944,
            "count": 3
        },
        "EnemyBrain.Policy.Entropy.sum": {
            "value": 14469.1484375,
            "min": 14447.890625,
            "max": 14859.654296875,
            "count": 3
        },
        "EnemyBrain.Environment.EpisodeLength.mean": {
            "value": 1269.1,
            "min": 92.57142857142857,
            "max": 1269.1,
            "count": 3
        },
        "EnemyBrain.Environment.EpisodeLength.sum": {
            "value": 12691.0,
            "min": 648.0,
            "max": 12691.0,
            "count": 3
        },
        "EnemyBrain.Self-play.ELO.mean": {
            "value": 1196.5116170337874,
            "min": 1196.5116170337874,
            "max": 1198.432581416417,
            "count": 3
        },
        "EnemyBrain.Self-play.ELO.sum": {
            "value": 2393.023234067575,
            "min": 2393.023234067575,
            "max": 8389.028069914919,
            "count": 3
        },
        "EnemyBrain.Step.mean": {
            "value": 29956.0,
            "min": 9999.0,
            "max": 29956.0,
            "count": 3
        },
        "EnemyBrain.Step.sum": {
            "value": 29956.0,
            "min": 9999.0,
            "max": 29956.0,
            "count": 3
        },
        "EnemyBrain.Policy.ExtrinsicValueEstimate.mean": {
            "value": 3.9939002990722656,
            "min": -26.68086051940918,
            "max": 3.9939002990722656,
            "count": 3
        },
        "EnemyBrain.Policy.ExtrinsicValueEstimate.sum": {
            "value": 647.0118408203125,
            "min": -4295.61865234375,
            "max": 647.0118408203125,
            "count": 3
        },
        "EnemyBrain.Policy.CuriosityValueEstimate.mean": {
            "value": 0.1982192099094391,
            "min": 0.18162406980991364,
            "max": 0.6566470861434937,
            "count": 3
        },
        "EnemyBrain.Policy.CuriosityValueEstimate.sum": {
            "value": 32.11151123046875,
            "min": 29.241474151611328,
            "max": 106.3768310546875,
            "count": 3
        },
        "EnemyBrain.Environment.CumulativeReward.mean": {
            "value": -10361.1,
            "min": -22000.35714285714,
            "max": 11932.318181818182,
            "count": 3
        },
        "EnemyBrain.Environment.CumulativeReward.sum": {
            "value": -103611.0,
            "min": -154002.5,
            "max": 131255.5,
            "count": 3
        },
        "EnemyBrain.Policy.ExtrinsicReward.mean": {
            "value": -10361.1,
            "min": -22000.35714285714,
            "max": 11932.318181818182,
            "count": 3
        },
        "EnemyBrain.Policy.ExtrinsicReward.sum": {
            "value": -103611.0,
            "min": -154002.5,
            "max": 131255.5,
            "count": 3
        },
        "EnemyBrain.Policy.CuriosityReward.mean": {
            "value": 1.6823093619197607,
            "min": 0.0,
            "max": 1.6823093619197607,
            "count": 3
        },
        "EnemyBrain.Policy.CuriosityReward.sum": {
            "value": 16.823093619197607,
            "min": 0.0,
            "max": 16.823093619197607,
            "count": 3
        },
        "EnemyBrain.IsTraining.mean": {
            "value": 1.0,
            "min": 1.0,
            "max": 1.0,
            "count": 3
        },
        "EnemyBrain.IsTraining.sum": {
            "value": 1.0,
            "min": 1.0,
            "max": 1.0,
            "count": 3
        },
        "EnemyBrain.Losses.PolicyLoss.mean": {
            "value": 0.16030366043044825,
            "min": 0.15782686366389195,
            "max": 0.16030366043044825,
            "count": 2
        },
        "EnemyBrain.Losses.PolicyLoss.sum": {
            "value": 0.3206073208608965,
            "min": 0.15782686366389195,
            "max": 0.3206073208608965,
            "count": 2
        },
        "EnemyBrain.Losses.ValueLoss.mean": {
            "value": 224193.8119140625,
            "min": 224193.8119140625,
            "max": 504411.46770833334,
            "count": 2
        },
        "EnemyBrain.Losses.ValueLoss.sum": {
            "value": 448387.623828125,
            "min": 448387.623828125,
            "max": 504411.46770833334,
            "count": 2
        },
        "EnemyBrain.Policy.LearningRate.mean": {
            "value": 0.0002850111049963,
            "min": 0.0002850111049963,
            "max": 0.00029396220201259994,
            "count": 2
        },
        "EnemyBrain.Policy.LearningRate.sum": {
            "value": 0.0005700222099926,
            "min": 0.00029396220201259994,
            "max": 0.0005700222099926,
            "count": 2
        },
        "EnemyBrain.Policy.Epsilon.mean": {
            "value": 0.1950037,
            "min": 0.1950037,
            "max": 0.19798739999999995,
            "count": 2
        },
        "EnemyBrain.Policy.Epsilon.sum": {
            "value": 0.3900074,
            "min": 0.19798739999999995,
            "max": 0.3900074,
            "count": 2
        },
        "EnemyBrain.Policy.Beta.mean": {
            "value": 0.005000000000000001,
            "min": 0.005000000000000001,
            "max": 0.005000000000000001,
            "count": 2
        },
        "EnemyBrain.Policy.Beta.sum": {
            "value": 0.010000000000000002,
            "min": 0.005000000000000001,
            "max": 0.010000000000000002,
            "count": 2
        },
        "EnemyBrain.Losses.CuriosityForwardLoss.mean": {
            "value": 0.057270058989524836,
            "min": 0.057270058989524836,
            "max": 0.07047997539242108,
            "count": 2
        },
        "EnemyBrain.Losses.CuriosityForwardLoss.sum": {
            "value": 0.11454011797904967,
            "min": 0.07047997539242108,
            "max": 0.11454011797904967,
            "count": 2
        },
        "EnemyBrain.Losses.CuriosityInverseLoss.mean": {
            "value": 2.412040865421295,
            "min": 2.412040865421295,
            "max": 2.536152466138204,
            "count": 2
        },
        "EnemyBrain.Losses.CuriosityInverseLoss.sum": {
            "value": 4.82408173084259,
            "min": 2.536152466138204,
            "max": 4.82408173084259,
            "count": 2
        }
    },
    "metadata": {
        "timer_format_version": "0.1.0",
        "start_time_seconds": "1697731305",
        "python_version": "3.9.13 (tags/v3.9.13:6de2ca5, May 17 2022, 16:36:42) [MSC v.1929 64 bit (AMD64)]",
        "command_line_arguments": "C:\\Unity Project\\Game\\venv\\Scripts\\mlagents-learn config\\EnemyBrain.yaml --initialize-from=EnemyTurn --run-id=EnemyTurn2",
        "mlagents_version": "0.30.0",
        "mlagents_envs_version": "0.30.0",
        "communication_protocol_version": "1.5.0",
        "pytorch_version": "2.1.0+cu121",
        "numpy_version": "1.21.2",
        "end_time_seconds": "1697731476"
    },
    "total": 170.8396433,
    "count": 1,
    "self": 0.011265600000001541,
    "children": {
        "run_training.setup": {
            "total": 0.12748320000000035,
            "count": 1,
            "self": 0.12748320000000035
        },
        "TrainerController.start_learning": {
            "total": 170.7008945,
            "count": 1,
            "self": 0.11796060000025932,
            "children": {
                "TrainerController._reset_env": {
                    "total": 17.6534899,
                    "count": 1,
                    "self": 17.6534899
                },
                "TrainerController.advance": {
                    "total": 152.61139219999973,
                    "count": 4669,
                    "self": 0.11256640000090101,