{
    "name": "root",
    "gauges": {
        "BetaBrain.Policy.Entropy.mean": {
            "value": 1.0818982124328613,
            "min": 1.0818982124328613,
            "max": 1.418969988822937,
            "count": 42
        },
        "BetaBrain.Policy.Entropy.sum": {
            "value": 10957.46484375,
            "min": 10784.560546875,
            "max": 14689.177734375,
            "count": 42
        },
        "BetaBrain.Environment.EpisodeLength.mean": {
            "value": 10.913565426170468,
            "min": 4.55794701986755,
            "max": 49.682539682539684,
            "count": 42
        },
        "BetaBrain.Environment.EpisodeLength.sum": {
            "value": 9091.0,
            "min": 5242.0,
            "max": 11562.0,
            "count": 42
        },
        "BetaBrain.Self-play.ELO.mean": {
            "value": 1178.981991661376,
            "min": 1175.842329692176,
            "max": 1199.3121335035444,
            "count": 42
        },
        "BetaBrain.Self-play.ELO.sum": {
            "value": 977376.0710872808,
            "min": 226669.9932321699,
            "max": 1423949.3717528442,
            "count": 42
        },
        "BetaBrain.Step.mean": {
            "value": 419965.0,
            "min": 9964.0,
            "max": 419965.0,
            "count": 42
        },
        "BetaBrain.Step.sum": {
            "value": 419965.0,
            "min": 9964.0,
            "max": 419965.0,
            "count": 42
        },
        "BetaBrain.Policy.ExtrinsicValueEstimate.mean": {
            "value": 104.82962799072266,
            "min": 2.31447696685791,
            "max": 104.82962799072266,
            "count": 42
        },
        "BetaBrain.Policy.ExtrinsicValueEstimate.sum": {
            "value": 96862.578125,
            "min": 631.8522338867188,
            "max": 131262.515625,
            "count": 42
        },
        "BetaBrain.Policy.CuriosityValueEstimate.mean": {
            "value": 0.10567586869001389,
            "min": 0.10454219579696655,
            "max": 2.93034029006958,
            "count": 42
        },
        "BetaBrain.Policy.CuriosityValueEstimate.sum": {
            "value": 97.64450073242188,
            "min": 89.17449188232422,
            "max": 1694.007080078125,
            "count": 42
        },
        "BetaBrain.Environment.CumulativeReward.mean": {
            "value": 148.859543817527,
            "min": 147.11673699015472,
            "max": 150.0,
            "count": 42
        },
        "BetaBrain.Environment.CumulativeReward.sum": {
            "value": 124000.0,
            "min": 27850.0,
            "max": 181200.0,
            "count": 42
        },
        "BetaBrain.Policy.ExtrinsicReward.mean": {
            "value": 148.859543817527,
            "min": 147.11673699015472,
            "max": 150.0,
            "count": 42
        },
        "BetaBrain.Policy.ExtrinsicReward.sum": {
            "value": 124000.0,
            "min": 27850.0,
            "max": 181200.0,
            "count": 42
        },
        "BetaBrain.Policy.CuriosityReward.mean": {
            "value": 0.01050390018472903,
            "min": 0.006025352933117773,
            "max": 5.054453355029353,
            "count": 42
        },
        "BetaBrain.Policy.CuriosityReward.sum": {
            "value": 8.749748853879282,
            "min": 6.871391889988445,
            "max": 1182.7420850768685,
            "count": 42
        },
        "BetaBrain.Losses.PolicyLoss.mean": {
            "value": 0.9548715014424589,
            "min": 0.375429833928744,
            "max": 2.3961974044640857,
            "count": 42
        },
        "BetaBrain.Losses.PolicyLoss.sum": {
            "value": 5.7292290086547535,
            "min": 0.375429833928744,
            "max": 16.7733818312486,
            "count": 42
        },
        "BetaBrain.Losses.ValueLoss.mean": {
            "value": 415.4120674981011,
            "min": 399.75617665608723,
            "max": 2866.539319864909,
            "count": 42
        },
        "BetaBrain.Losses.ValueLoss.sum": {
            "value": 2492.4724049886067,
            "min": 1294.0526631673176,
            "max": 19039.553275553386,
            "count": 42
        },
        "BetaBrain.Policy.LearningRate.mean": {
            "value": 5.0988083003999995e-05,
            "min": 5.0988083003999995e-05,
            "max": 0.0002965848011384,
            "count": 42
        },
        "BetaBrain.Policy.LearningRate.sum": {
            "value": 0.000305928498024,
            "min": 0.0002965848011384,
            "max": 0.0016600921466359997,
            "count": 42
        },
        "BetaBrain.Policy.Epsilon.mean": {
            "value": 0.116996,
            "min": 0.116996,
            "max": 0.19886159999999997,
            "count": 42
        },
        "BetaBrain.Policy.Epsilon.sum": {
            "value": 0.701976,
            "min": 0.19886159999999997,
            "max": 1.2533640000000001,
            "count": 42
        },
        "BetaBrain.Policy.Beta.mean": {
            "value": 0.005000000000000001,
            "min": 0.005,
            "max": 0.005000000000000001,
            "count": 42
        },
        "BetaBrain.Policy.Beta.sum": {
            "value": 0.030000000000000006,
            "min": 0.005000000000000001,
            "max": 0.04000000000000001,
            "count": 42
        },
        "BetaBrain.Losses.CuriosityForwardLoss.mean": {
            "value": 0.043286900667266724,
            "min": 0.04014427382498979,
            "max": 43.21831356684367,
            "count": 42
        },
        "BetaBrain.Losses.CuriosityForwardLoss.sum": {
            "value": 0.25972140400360033,
            "min": 0.1754074303433299,
            "max": 43.21831356684367,
            "count": 42
        },
        "BetaBrain.Losses.CuriosityInverseLoss.mean": {
            "value": 1.5668307854069603,
            "min": 1.5297395855188367,
            "max": 3.0954649368921916,
            "count": 42
        },
        "BetaBrain.Losses.CuriosityInverseLoss.sum": {
            "value": 9.400984712441762,
            "min": 3.0954649368921916,
            "max": 16.89307834704717,
            "count": 42
        },
        "BetaBrain.IsTraining.mean": {
            "value": 1.0,
            "min": 1.0,
            "max": 1.0,
            "count": 42
        },
        "BetaBrain.IsTraining.sum": {
            "value": 1.0,
            "min": 1.0,
            "max": 1.0,
            "count": 42
        }
    },
    "metadata": {
        "timer_format_version": "0.1.0",
        "start_time_seconds": "1697778896",
        "python_version": "3.9.13 (tags/v3.9.13:6de2ca5, May 17 2022, 16:36:42) [MSC v.1929 64 bit (AMD64)]",
        "command_line_arguments": "C:\\Unity Project\\Game\\venv\\Scripts\\mlagents-learn config/BetaBrain.yaml --run-id=betaTest",
        "mlagents_version": "0.30.0",
        "mlagents_envs_version": "0.30.0",
        "communication_protocol_version": "1.5.0",
        "pytorch_version": "2.1.0+cu121",
        "numpy_version": "1.21.2",
        "end_time_seconds": "1697780585"
    },
    "total": 1689.7922401,
    "count": 1,
    "self": 0.008060700000214638,
    "children": {
        "run_training.setup": {
            "total": 0.1065008999999999,
            "count": 1,
            "self": 0.1065008999999999
        },
        "TrainerController.start_learning": {
            "total": 1689.6776785,
            "count": 1,
            "self": 1.7181254000006447,
            "children": {
                "TrainerController._reset_env": {
                    "total": 12.088200700000067,
                    "count": 5,
                    "self": 12.088200700000067
                },
                "TrainerController.advance": {
                    "total": 1675.6576014999991,
                    "count": 50130,
                    "self": 1.355461900001501,