{
    "name": "root",
    "gauges": {
        "Beta4.0.Policy.Entropy.mean": {
            "value": 1.387840986251831,
            "min": 1.387840986251831,
            "max": 1.4193589687347412,
            "count": 50
        },
        "Beta4.0.Policy.Entropy.sum": {
            "value": 13922.8203125,
            "min": 13503.5263671875,
            "max": 15256.4248046875,
            "count": 50
        },
        "Beta4.0.Environment.EpisodeLength.mean": {
            "value": 68.57931034482759,
            "min": 67.02684563758389,
            "max": 818.1428571428571,
            "count": 50
        },
        "Beta4.0.Environment.EpisodeLength.sum": {
            "value": 9944.0,
            "min": 849.0,
            "max": 13020.0,
            "count": 50
        },
        "Beta4.0.Self-play.ELO.mean": {
            "value": 127.26633229925669,
            "min": 127.26633229925669,
            "max": 1199.7514984986287,
            "count": 50
        },
        "Beta4.0.Self-play.ELO.sum": {
            "value": 18453.61818339222,
            "min": 2399.5029969972575,
            "max": 70860.89276752902,
            "count": 50
        },
        "Beta4.0.Step.mean": {
            "value": 499988.0,
            "min": 9939.0,
            "max": 499988.0,
            "count": 50
        },
        "Beta4.0.Step.sum": {
            "value": 499988.0,
            "min": 9939.0,
            "max": 499988.0,
            "count": 50
        },
        "Beta4.0.Policy.ExtrinsicValueEstimate.mean": {
            "value": -1.5620877742767334,
            "min": -8.011076927185059,
            "max": 0.6145855784416199,
            "count": 50
        },
        "Beta4.0.Policy.ExtrinsicValueEstimate.sum": {
            "value": -273.3653564453125,
            "min": -882.3019409179688,
            "max": 50.396018981933594,
            "count": 50
        },
        "Beta4.0.Policy.CuriosityValueEstimate.mean": {
            "value": 8.225747108459473,
            "min": 0.4436277449131012,
            "max": 16.03449249267578,
            "count": 50
        },
        "Beta4.0.Policy.CuriosityValueEstimate.sum": {
            "value": 1439.5057373046875,
            "min": 36.821102142333984,
            "max": 1830.5286865234375,
            "count": 50
        },
        "Beta4.0.Environment.CumulativeReward.mean": {
            "value": -0.5582191780821918,
            "min": -194.95333339770636,
            "max": -0.5582191780821918,
            "count": 50
        },
        "Beta4.0.Environment.CumulativeReward.sum": {
            "value": -81.5,
            "min": -2924.3000009655952,
            "max": -81.5,
            "count": 50
        },
        "Beta4.0.Policy.ExtrinsicReward.mean": {
            "value": -0.5582191780821918,
            "min": -194.95333339770636,
            "max": -0.5582191780821918,
            "count": 50
        },
        "Beta4.0.Policy.ExtrinsicReward.sum": {
            "value": -81.5,
            "min": -2924.3000009655952,
            "max": -81.5,
            "count": 50
        },
        "Beta4.0.Policy.CuriosityReward.mean": {
            "value": 0.4072352982898026,
            "min": 0.0,
            "max": 819.1428571428571,
            "count": 50
        },
        "Beta4.0.Policy.CuriosityReward.sum": {
            "value": 59.45635355031118,
            "min": 0.0,
            "max": 11468.0,
            "count": 50
        },
        "Beta4.0.IsTraining.mean": {
            "value": 1.0,
            "min": 1.0,
            "max": 1.0,
            "count": 50
        },
        "Beta4.0.IsTraining.sum": {
            "value": 1.0,
            "min": 1.0,
            "max": 1.0,
            "count": 50
        },
        "Beta4.0.Losses.PolicyLoss.mean": {
            "value": 0.25154188393304744,
            "min": 0.08137056340153019,
            "max": 0.25154188393304744,
            "count": 29
        },
        "Beta4.0.Losses.PolicyLoss.sum": {
            "value": 0.25154188393304744,
            "min": 0.08137056340153019,
            "max": 0.25154188393304744,
            "count": 29
        },
        "Beta4.0.Losses.ValueLoss.mean": {
            "value": 0.7331393599510193,
            "min": 0.7331393599510193,
            "max": 84.3152837117513,
            "count": 29
        },
        "Beta4.0.Losses.ValueLoss.sum": {
            "value": 0.7331393599510193,
            "min": 0.7331393599510193,
            "max": 84.3152837117513,
            "count": 29
        },
        "Beta4.0.Policy.LearningRate.mean": {
            "value": 5.938898020400013e-06,
            "min": 5.938898020400013e-06,
            "max": 0.0002875176041608,
            "count": 29
        },
        "Beta4.0.Policy.LearningRate.sum": {
            "value": 5.938898020400013e-06,
            "min": 5.938898020400013e-06,
            "max": 0.0002875176041608,
            "count": 29
        },
        "Beta4.0.Policy.Epsilon.mean": {
            "value": 0.10197959999999999,
            "min": 0.10197959999999999,
            "max": 0.19583920000000002,
            "count": 29
        },
        "Beta4.0.Policy.Epsilon.sum": {
            "value": 0.10197959999999999,
            "min": 0.10197959999999999,
            "max": 0.19583920000000002,
            "count": 29
        },
        "Beta4.0.Policy.Beta.mean": {
            "value": 0.0001087820400000002,
            "min": 0.0001087820400000002,
            "max": 0.004792376079999998,
            "count": 29
        },
        "Beta4.0.Policy.Beta.sum": {
            "value": 0.0001087820400000002,
            "min": 0.0001087820400000002,
            "max": 0.004792376079999998,
            "count": 29
        },
        "Beta4.0.Losses.CuriosityForwardLoss.mean": {
            "value": 0.3014484961827596,
            "min": 0.3014484961827596,
            "max": 4941.8551839192705,
            "count": 29
        },
        "Beta4.0.Losses.CuriosityForwardLoss.sum": {
            "value": 0.3014484961827596,
            "min": 0.3014484961827596,
            "max": 4941.8551839192705,
            "count": 29
        },
        "Beta4.0.Losses.CuriosityInverseLoss.mean": {
            "value": 2.8385546366373697,
            "min": 2.8042171478271483,
            "max": 19.893375460306803,
            "count": 29
        },
        "Beta4.0.Losses.CuriosityInverseLoss.sum": {
            "value": 2.8385546366373697,
            "min": 2.8042171478271483,
            "max": 19.893375460306803,
            "count": 29
        }
    },
    "metadata": {
        "timer_format_version": "0.1.0",
        "start_time_seconds": "1707824390",
        "python_version": "3.9.13 (tags/v3.9.13:6de2ca5, May 17 2022, 16:36:42) [MSC v.1929 64 bit (AMD64)]",
        "command_line_arguments": "D:\\Unity_Project\\Game\\venv\\Scripts\\mlagents-learn config/Beta4.0.yaml --run-id=4.0_toPlayer",
        "mlagents_version": "0.30.0",
        "mlagents_envs_version": "0.30.0",
        "communication_protocol_version": "1.5.0",
        "pytorch_version": "1.13.1+cu117",
        "numpy_version": "1.21.2",
        "end_time_seconds": "1707825995"
    },
    "total": 1605.6656383,
    "count": 1,
    "self": 0.016724500000009357,
    "children": {
        "run_training.setup": {
            "total": 0.1521855000000003,
            "count": 1,
            "self": 0.1521855000000003
        },
        "TrainerController.start_learning": {
            "total": 1605.4967282999999,
            "count": 1,
            "self": 1.3564081000060924,
            "children": {
                "TrainerController._reset_env": {
                    "total": 17.775371300000124,
                    "count": 5,
                    "self": 17.775371300000124
                },
                "TrainerController.advance": {
                    "total": 1586.1780018999934,
                    "count": 44651,
                    "self": 1.2131745999881787,